player_id,domain,domain_best_performance,domain_average_performance,games_in_domain,age,weekly_gaming_hours,sleep_hours_last_night
077bcac6-9226-4522-b11c-85f5d5a32cd1,Attention,47.65,45.193333333333335,3,31,8,5
077bcac6-9226-4522-b11c-85f5d5a32cd1,Memory,41.8,41.8,3,31,8,5
077bcac6-9226-4522-b11c-85f5d5a32cd1,Reasoning,44.5,44.5,1,31,8,5
077bcac6-9226-4522-b11c-85f5d5a32cd1,Reflex,49.8625,45.7075,4,31,8,5
093af538-a039-4ea3-b6b6-d1243b9e0b1a,Attention,67.89,67.89,2,24,50,8
093af538-a039-4ea3-b6b6-d1243b9e0b1a,Learning,72.89333333333333,72.89333333333333,3,24,50,8
093af538-a039-4ea3-b6b6-d1243b9e0b1a,Memory,70.63999999999999,70.63999999999999,2,24,50,8
093af538-a039-4ea3-b6b6-d1243b9e0b1a,Perception,73.5,73.5,1,24,50,8
093af538-a039-4ea3-b6b6-d1243b9e0b1a,Reasoning,75.39,75.39,2,24,50,8
093af538-a039-4ea3-b6b6-d1243b9e0b1a,Reflex,68.70333333333333,68.70333333333333,3,24,50,8
0bf036d7-653e-4845-b973-cccc45b51984,Attention,52.32,52.32,2,21,10,1
0bf036d7-653e-4845-b973-cccc45b51984,Learning,48.056666666666665,42.42666666666668,3,21,10,1
0bf036d7-653e-4845-b973-cccc45b51984,Memory,48.335,44.335,4,21,10,1
0bf036d7-653e-4845-b973-cccc45b51984,Perception,44.35,36.35,2,21,10,1
0bf036d7-653e-4845-b973-cccc45b51984,Reasoning,45.04,36.465,2,21,10,1
0bf036d7-653e-4845-b973-cccc45b51984,Reflex,47.209999999999994,38.765,2,21,10,1
116cc9df-3972-418f-8b08-06dbc9fdb86b,Attention,65.88166666666667,62.34499999999999,6,21,22,7
116cc9df-3972-418f-8b08-06dbc9fdb86b,Learning,66.34666666666668,61.55,3,21,22,7
116cc9df-3972-418f-8b08-06dbc9fdb86b,Memory,64.4425,62.145,8,21,22,7
116cc9df-3972-418f-8b08-06dbc9fdb86b,Perception,61.0,61.0,1,21,22,7
116cc9df-3972-418f-8b08-06dbc9fdb86b,Reasoning,68.91499999999999,62.915,2,21,22,7
116cc9df-3972-418f-8b08-06dbc9fdb86b,Reflex,66.93249999999999,62.8175,8,21,22,7
11e71038-d788-41ef-94c1-8a710d21ddaf,Attention,56.665,56.665,2,24,0,6
11e71038-d788-41ef-94c1-8a710d21ddaf,Memory,57.49999999999999,57.49999999999999,1,24,0,6
11e71038-d788-41ef-94c1-8a710d21ddaf,Reflex,56.665,56.665,2,24,0,6
1d638396-0c39-4bb7-9ac6-68bc1a59d585,Attention,51.650000000000006,46.10166666666667,6,22,28,4
1d638396-0c39-4bb7-9ac6-68bc1a59d585,Learning,52.20750000000001,47.795,4,22,28,4
1d638396-0c39-4bb7-9ac6-68bc1a59d585,Memory,50.68090909090909,44.97727272727273,11,22,28,4
1d638396-0c39-4bb7-9ac6-68bc1a59d585,Perception,48.667500000000004,47.167500000000004,4,22,28,4
1d638396-0c39-4bb7-9ac6-68bc1a59d585,Reasoning,53.834,48.538,5,22,28,4
1d638396-0c39-4bb7-9ac6-68bc1a59d585,Reflex,50.14375,47.3525,8,22,28,4
2500f14f-bd64-4e2b-a235-f69ea95609ec,Attention,36.059999999999995,35.66,5,17,15,3
2500f14f-bd64-4e2b-a235-f69ea95609ec,Learning,36.714999999999996,31.0,2,17,15,3
2500f14f-bd64-4e2b-a235-f69ea95609ec,Memory,37.22571428571428,35.65428571428571,7,17,15,3
2500f14f-bd64-4e2b-a235-f69ea95609ec,Perception,36.346666666666664,33.193333333333335,3,17,15,3
2500f14f-bd64-4e2b-a235-f69ea95609ec,Reasoning,35.776666666666664,35.776666666666664,3,17,15,3
2500f14f-bd64-4e2b-a235-f69ea95609ec,Reflex,35.55833333333333,35.55833333333333,6,17,15,3
263c474c-b7dd-43c5-9557-4da49755a00d,Attention,59.94200000000001,59.94200000000001,5,22,28,8
263c474c-b7dd-43c5-9557-4da49755a00d,Learning,64.5925,61.480000000000004,4,22,28,8
263c474c-b7dd-43c5-9557-4da49755a00d,Memory,63.612,60.161,10,22,28,8
263c474c-b7dd-43c5-9557-4da49755a00d,Perception,79.13,76.19,4,22,28,8
263c474c-b7dd-43c5-9557-4da49755a00d,Reasoning,61.95,59.116,5,22,28,8
263c474c-b7dd-43c5-9557-4da49755a00d,Reflex,62.8525,57.665,8,22,28,8
2a38dbe1-3ef4-4e4e-b02b-c2871e68216b,Learning,54.94,47.63333333333333,3,19,10,5
2a38dbe1-3ef4-4e4e-b02b-c2871e68216b,Memory,62.27,51.36999999999999,3,19,10,5
2a38dbe1-3ef4-4e4e-b02b-c2871e68216b,Perception,60.905,47.305,2,19,10,5
2a38dbe1-3ef4-4e4e-b02b-c2871e68216b,Reasoning,75.27666666666667,66.96,3,19,10,5
2a38dbe1-3ef4-4e4e-b02b-c2871e68216b,Reflex,69.66499999999999,64.66499999999999,2,19,10,5
2f63d0f5-3731-4e44-87b3-2e5ba8b306d6,Attention,76.47,76.47,1,26,20,5
2f63d0f5-3731-4e44-87b3-2e5ba8b306d6,Learning,63.864999999999995,60.925000000000004,2,26,20,5
2f63d0f5-3731-4e44-87b3-2e5ba8b306d6,Memory,76.47,76.47,1,26,20,5
2f63d0f5-3731-4e44-87b3-2e5ba8b306d6,Reasoning,70.59,64.71000000000001,1,26,20,5
33d08ff5-31e3-44b9-9100-e1ae687fd601,Reasoning,57.14,57.14,1,24,20,6
3477a1f7-268c-4987-8614-5a1ac6bbbfec,Attention,44.372,44.372,5,30,20,6
3477a1f7-268c-4987-8614-5a1ac6bbbfec,Learning,45.17333333333333,45.17333333333333,3,30,20,6
3477a1f7-268c-4987-8614-5a1ac6bbbfec,Memory,49.66875,48.712500000000006,8,30,20,6
3477a1f7-268c-4987-8614-5a1ac6bbbfec,Perception,49.52333333333333,44.19,3,30,20,6
3477a1f7-268c-4987-8614-5a1ac6bbbfec,Reasoning,52.5,45.56,4,30,20,6
3477a1f7-268c-4987-8614-5a1ac6bbbfec,Reflex,45.84875,44.28625,8,30,20,6
354e20d4-599b-42fc-a2b0-122ca4feb2d9,Attention,53.796,52.878,5,25,35,5
354e20d4-599b-42fc-a2b0-122ca4feb2d9,Learning,54.12999999999999,54.12999999999999,2,25,35,5
354e20d4-599b-42fc-a2b0-122ca4feb2d9,Memory,54.63,53.12571428571429,7,25,35,5
354e20d4-599b-42fc-a2b0-122ca4feb2d9,Perception,55.203333333333326,52.870000000000005,3,25,35,5
354e20d4-599b-42fc-a2b0-122ca4feb2d9,Reasoning,55.08666666666667,55.08666666666667,3,25,35,5
354e20d4-599b-42fc-a2b0-122ca4feb2d9,Reflex,53.620000000000005,53.44333333333333,6,25,35,5
364223cd-b583-4eeb-87c7-478c7c0debf4,Attention,56.279999999999994,56.279999999999994,2,33,5,7
364223cd-b583-4eeb-87c7-478c7c0debf4,Learning,80.27,75.855,2,33,5,7
364223cd-b583-4eeb-87c7-478c7c0debf4,Memory,56.55142857142857,50.56285714285714,7,33,5,7
364223cd-b583-4eeb-87c7-478c7c0debf4,Perception,60.0,45.879999999999995,1,33,5,7
364223cd-b583-4eeb-87c7-478c7c0debf4,Reasoning,82.575,78.16000000000001,2,33,5,7
364223cd-b583-4eeb-87c7-478c7c0debf4,Reflex,70.39666666666666,70.39666666666666,3,33,5,7
36f8a2f6-7625-4ceb-aca1-6949807b6339,Attention,66.55499999999999,59.224999999999994,2,24,0,7
36f8a2f6-7625-4ceb-aca1-6949807b6339,Learning,65.71000000000001,62.86000000000001,1,24,0,7
36f8a2f6-7625-4ceb-aca1-6949807b6339,Memory,67.78,57.78,1,24,0,7
36f8a2f6-7625-4ceb-aca1-6949807b6339,Perception,63.27,63.27,1,24,0,7
36f8a2f6-7625-4ceb-aca1-6949807b6339,Reasoning,68.57,60.465,2,24,0,7
36f8a2f6-7625-4ceb-aca1-6949807b6339,Reflex,63.0525,59.262499999999996,4,24,0,7
3b1b8792-4d96-47cb-ab4b-86aae21e1ace,Attention,70.63833333333335,67.65500000000002,6,18,0,5
3b1b8792-4d96-47cb-ab4b-86aae21e1ace,Learning,67.22749999999999,63.3175,4,18,0,5
3b1b8792-4d96-47cb-ab4b-86aae21e1ace,Memory,67.94727272727272,62.71545454545454,11,18,0,5
3b1b8792-4d96-47cb-ab4b-86aae21e1ace,Perception,77.3025,68.76249999999999,4,18,0,5
3b1b8792-4d96-47cb-ab4b-86aae21e1ace,Reasoning,54.052,50.684000000000005,5,18,0,5
3b1b8792-4d96-47cb-ab4b-86aae21e1ace,Reflex,61.79625,59.830000000000005,8,18,0,5
42e366fd-7fbd-4312-ae4b-f4856249d7b5 (1),Attention,57.75,54.92399999999999,5,25,28,7
42e366fd-7fbd-4312-ae4b-f4856249d7b5 (1),Learning,61.42999999999999,50.0,1,25,28,7
42e366fd-7fbd-4312-ae4b-f4856249d7b5 (1),Memory,56.67333333333333,56.67333333333333,6,25,28,7
42e366fd-7fbd-4312-ae4b-f4856249d7b5 (1),Perception,54.816666666666656,54.816666666666656,3,25,28,7
42e366fd-7fbd-4312-ae4b-f4856249d7b5 (1),Reasoning,59.145,59.145,2,25,28,7
42e366fd-7fbd-4312-ae4b-f4856249d7b5 (1),Reflex,57.809999999999995,55.455,6,25,28,7
45eac662-3ea6-4f0a-a327-18910895411d,Attention,75.33,70.67,1,30,22,9
45eac662-3ea6-4f0a-a327-18910895411d,Learning,87.84333333333333,80.83666666666667,3,30,22,9
45eac662-3ea6-4f0a-a327-18910895411d,Memory,72.30000000000001,72.30000000000001,2,30,22,9
45eac662-3ea6-4f0a-a327-18910895411d,Perception,82.55,66.91,1,30,22,9
45eac662-3ea6-4f0a-a327-18910895411d,Reasoning,87.325,80.22,2,30,22,9
45eac662-3ea6-4f0a-a327-18910895411d,Reflex,80.58,74.08500000000001,2,30,22,9
4b128ac4-f4f1-43d6-8973-602d566d7c96,Attention,76.47,70.59,1,28,25,7
4b128ac4-f4f1-43d6-8973-602d566d7c96,Learning,89.0,89.0,1,28,25,7
4b128ac4-f4f1-43d6-8973-602d566d7c96,Memory,79.33,76.714,5,28,25,7
4b128ac4-f4f1-43d6-8973-602d566d7c96,Perception,73.71666666666667,72.38333333333333,3,28,25,7
4b128ac4-f4f1-43d6-8973-602d566d7c96,Reasoning,73.095,68.93,2,28,25,7
4b128ac4-f4f1-43d6-8973-602d566d7c96,Reflex,84.48333333333333,78.41666666666667,3,28,25,7
4d6edd3c-f110-45e5-ab53-2b4063a425c0,Attention,60.687999999999995,55.627999999999986,5,23,30,1
4d6edd3c-f110-45e5-ab53-2b4063a425c0,Learning,71.3925,69.8925,4,23,30,1
4d6edd3c-f110-45e5-ab53-2b4063a425c0,Memory,65.02111111111111,62.05222222222222,9,23,30,1
4d6edd3c-f110-45e5-ab53-2b4063a425c0,Perception,69.4975,65.6425,4,23,30,1
4d6edd3c-f110-45e5-ab53-2b4063a425c0,Reasoning,63.72,61.806000000000004,5,23,30,1
4d6edd3c-f110-45e5-ab53-2b4063a425c0,Reflex,62.25833333333334,59.75833333333333,6,23,30,1
517b9976-d2ab-40bb-b250-cfce5e299567,Attention,26.266000000000002,22.116000000000003,5,35,35,6
517b9976-d2ab-40bb-b250-cfce5e299567,Learning,68.0,64.0,1,35,35,6
517b9976-d2ab-40bb-b250-cfce5e299567,Memory,10.0,5.0,5,35,35,6
517b9976-d2ab-40bb-b250-cfce5e299567,Perception,16.365000000000002,5.91,2,35,35,6
517b9976-d2ab-40bb-b250-cfce5e299567,Reasoning,35.0,23.5,1,35,35,6
517b9976-d2ab-40bb-b250-cfce5e299567,Reflex,41.5825,33.52,4,35,35,6
531f7fa4-c3a8-4bd6-abc5-df42340b1a3c,Attention,57.62166666666667,41.443333333333335,6,32,20,9
531f7fa4-c3a8-4bd6-abc5-df42340b1a3c,Learning,63.824999999999996,52.6725,4,32,20,9
531f7fa4-c3a8-4bd6-abc5-df42340b1a3c,Memory,56.07,46.36272727272727,11,32,20,9
531f7fa4-c3a8-4bd6-abc5-df42340b1a3c,Perception,51.306666666666665,51.306666666666665,3,32,20,9
531f7fa4-c3a8-4bd6-abc5-df42340b1a3c,Reasoning,66.982,61.660000000000004,5,32,20,9
531f7fa4-c3a8-4bd6-abc5-df42340b1a3c,Reflex,57.325,51.42875,8,32,20,9
5414e0d6-f807-44bb-948c-00eb2056c359,Attention,67.44,61.650000000000006,2,21,28,9
5414e0d6-f807-44bb-948c-00eb2056c359,Learning,54.120000000000005,54.120000000000005,1,21,28,9
5414e0d6-f807-44bb-948c-00eb2056c359,Memory,74.2,51.7,2,21,28,9
5414e0d6-f807-44bb-948c-00eb2056c359,Reasoning,57.83666666666667,56.31333333333334,3,21,28,9
5414e0d6-f807-44bb-948c-00eb2056c359,Reflex,67.44,61.650000000000006,2,21,28,9
54716eaf-ebd2-4b23-8374-4a9e022d81ad (1),Attention,85.46999999999998,85.46999999999998,3,24,5,7
54716eaf-ebd2-4b23-8374-4a9e022d81ad (1),Memory,92.5,85.0,1,24,5,7
54716eaf-ebd2-4b23-8374-4a9e022d81ad (1),Reflex,85.46999999999998,85.46999999999998,3,24,5,7
5584c4ec-9108-479e-885a-ec94c3badae0,Attention,76.04666666666667,73.10666666666667,3,22,35,8
5584c4ec-9108-479e-885a-ec94c3badae0,Learning,68.57,68.57,1,22,35,8
5584c4ec-9108-479e-885a-ec94c3badae0,Memory,71.415,69.86250000000001,8,22,35,8
5584c4ec-9108-479e-885a-ec94c3badae0,Perception,71.06,69.86,3,22,35,8
5584c4ec-9108-479e-885a-ec94c3badae0,Reasoning,72.335,66.085,2,22,35,8
5584c4ec-9108-479e-885a-ec94c3badae0,Reflex,72.62333333333333,68.45666666666666,3,22,35,8
578f0064-ba44-4300-ba13-5bfa94e295aa,Attention,60.45,55.11666666666667,3,22,25,6
578f0064-ba44-4300-ba13-5bfa94e295aa,Learning,53.735,45.4175,4,22,25,6
578f0064-ba44-4300-ba13-5bfa94e295aa,Memory,52.75,50.083333333333336,6,22,25,6
578f0064-ba44-4300-ba13-5bfa94e295aa,Perception,48.94499999999999,48.94499999999999,2,22,25,6
578f0064-ba44-4300-ba13-5bfa94e295aa,Reasoning,50.596666666666664,40.36333333333334,3,22,25,6
578f0064-ba44-4300-ba13-5bfa94e295aa,Reflex,50.744,44.24400000000001,5,22,25,6
5aa663da-2ff5-44a1-9b9b-bfbc1e981d0e,Attention,36.795,35.611666666666665,6,16,10,11
5aa663da-2ff5-44a1-9b9b-bfbc1e981d0e,Learning,33.12,33.12,3,16,10,11
5aa663da-2ff5-44a1-9b9b-bfbc1e981d0e,Memory,39.356,36.676,10,16,10,11
5aa663da-2ff5-44a1-9b9b-bfbc1e981d0e,Perception,44.54,39.59,2,16,10,11
5aa663da-2ff5-44a1-9b9b-bfbc1e981d0e,Reasoning,38.36333333333333,36.083333333333336,3,16,10,11
5aa663da-2ff5-44a1-9b9b-bfbc1e981d0e,Reflex,36.22714285714285,35.212857142857146,7,16,10,11
5b190361-fc48-47f8-b155-85daa06d2d0c,Attention,56.178,51.33,5,19,10,7
5b190361-fc48-47f8-b155-85daa06d2d0c,Learning,60.20333333333333,54.75,3,19,10,7
5b190361-fc48-47f8-b155-85daa06d2d0c,Memory,61.568888888888885,54.51999999999999,9,19,10,7
5b190361-fc48-47f8-b155-85daa06d2d0c,Perception,65.81333333333333,65.81333333333333,3,19,10,7
5b190361-fc48-47f8-b155-85daa06d2d0c,Reasoning,57.726666666666674,57.726666666666674,3,19,10,7
5b190361-fc48-47f8-b155-85daa06d2d0c,Reflex,60.60666666666666,58.27333333333334,6,19,10,7
5fb34995-9d6e-4292-913d-ebcafd0ca34a,Attention,46.1675,44.8675,4,31,25,6
5fb34995-9d6e-4292-913d-ebcafd0ca34a,Learning,50.67999999999999,46.43,2,31,25,6
5fb34995-9d6e-4292-913d-ebcafd0ca34a,Memory,47.24125,46.29125,8,31,25,6
5fb34995-9d6e-4292-913d-ebcafd0ca34a,Perception,45.9025,45.9025,4,31,25,6
5fb34995-9d6e-4292-913d-ebcafd0ca34a,Reasoning,51.913333333333334,45.406666666666666,3,31,25,6
5fb34995-9d6e-4292-913d-ebcafd0ca34a,Reflex,48.67999999999999,45.59166666666667,6,31,25,6
61db4526-1302-49fc-84ce-0954cf692242,Attention,46.832499999999996,40.2325,4,24,0,1
61db4526-1302-49fc-84ce-0954cf692242,Learning,57.06,57.06,1,24,0,1
61db4526-1302-49fc-84ce-0954cf692242,Memory,44.36,44.36,2,24,0,1
61db4526-1302-49fc-84ce-0954cf692242,Reasoning,53.78000000000001,53.78000000000001,2,24,0,1
61db4526-1302-49fc-84ce-0954cf692242,Reflex,46.4025,39.8025,4,24,0,1
69939284-767a-458d-aeef-e759fc62a7d9,Attention,60.82000000000001,60.82000000000001,2,24,30,7
69939284-767a-458d-aeef-e759fc62a7d9,Learning,66.17666666666668,66.17666666666668,3,24,30,7
69939284-767a-458d-aeef-e759fc62a7d9,Memory,66.83,66.83,3,24,30,7
69939284-767a-458d-aeef-e759fc62a7d9,Perception,69.5,69.5,1,24,30,7
69939284-767a-458d-aeef-e759fc62a7d9,Reasoning,64.925,64.925,2,24,30,7
69939284-767a-458d-aeef-e759fc62a7d9,Reflex,66.14333333333335,66.14333333333335,3,24,30,7
6c099074-1829-46a4-887a-6e61102bfe7f,Attention,76.08666666666667,71.38166666666666,6,26,32,8
6c099074-1829-46a4-887a-6e61102bfe7f,Learning,81.10333333333334,75.28666666666666,3,26,32,8
6c099074-1829-46a4-887a-6e61102bfe7f,Memory,76.28818181818183,71.24181818181819,11,26,32,8
6c099074-1829-46a4-887a-6e61102bfe7f,Perception,80.74666666666667,75.27333333333334,3,26,32,8
6c099074-1829-46a4-887a-6e61102bfe7f,Reasoning,73.83,68.495,4,26,32,8
6c099074-1829-46a4-887a-6e61102bfe7f,Reflex,75.5675,71.15625,8,26,32,8
6c5ae84a-2357-43f8-9c88-c4c67c37865b,Attention,56.335,51.334999999999994,2,24,1,5
6c5ae84a-2357-43f8-9c88-c4c67c37865b,Memory,62.5,60.0,1,24,1,5
6c5ae84a-2357-43f8-9c88-c4c67c37865b,Reflex,56.335,51.334999999999994,2,24,1,5
74eb4edc-7eb3-4a6a-af1f-33bd4fcaf373,Attention,58.155,54.059999999999995,4,24,16,12
74eb4edc-7eb3-4a6a-af1f-33bd4fcaf373,Learning,68.82000000000001,55.879999999999995,1,24,16,12
74eb4edc-7eb3-4a6a-af1f-33bd4fcaf373,Memory,59.42000000000001,52.62,2,24,16,12
74eb4edc-7eb3-4a6a-af1f-33bd4fcaf373,Reasoning,66.66000000000001,60.19,2,24,16,12
74eb4edc-7eb3-4a6a-af1f-33bd4fcaf373,Reflex,60.67,56.574999999999996,4,24,16,12
7b116dad-c57d-4ce7-938d-85753438907b,Attention,54.467999999999996,39.126000000000005,5,24,10,3
7b116dad-c57d-4ce7-938d-85753438907b,Learning,55.847500000000004,34.599999999999994,4,24,10,3
7b116dad-c57d-4ce7-938d-85753438907b,Memory,50.983999999999995,42.957,10,24,10,3
7b116dad-c57d-4ce7-938d-85753438907b,Perception,47.00666666666666,47.00666666666666,3,24,10,3
7b116dad-c57d-4ce7-938d-85753438907b,Reasoning,53.849999999999994,49.616,5,24,10,3
7b116dad-c57d-4ce7-938d-85753438907b,Reflex,52.465714285714284,45.95428571428572,7,24,10,3
7e44185a-6c68-4f60-87b9-6319e7d28b67,Attention,60.9025,56.4025,4,25,0,12
7e44185a-6c68-4f60-87b9-6319e7d28b67,Learning,69.485,50.64500000000001,2,25,0,12
7e44185a-6c68-4f60-87b9-6319e7d28b67,Memory,64.42599999999999,55.706,10,25,0,12
7e44185a-6c68-4f60-87b9-6319e7d28b67,Perception,69.3625,66.4625,4,25,0,12
7e44185a-6c68-4f60-87b9-6319e7d28b67,Reasoning,69.536,51.61800000000001,5,25,0,12
7e44185a-6c68-4f60-87b9-6319e7d28b67,Reflex,65.68166666666667,56.25833333333333,6,25,0,12
810ca908-97fc-4b8b-bd96-558aec50495e,Attention,37.258,35.502,5,35,10,5
810ca908-97fc-4b8b-bd96-558aec50495e,Learning,36.43,36.43,2,35,10,5
810ca908-97fc-4b8b-bd96-558aec50495e,Memory,39.761250000000004,34.4275,8,35,10,5
810ca908-97fc-4b8b-bd96-558aec50495e,Perception,48.475,37.32,2,35,10,5
810ca908-97fc-4b8b-bd96-558aec50495e,Reasoning,42.03333333333334,35.42333333333333,3,35,10,5
810ca908-97fc-4b8b-bd96-558aec50495e,Reflex,38.6,36.844,5,35,10,5
83135a45-0ab1-4951-9342-c602aad72c63,Attention,65.14999999999999,58.056,5,24,10,5
83135a45-0ab1-4951-9342-c602aad72c63,Learning,56.34,56.34,2,24,10,5
83135a45-0ab1-4951-9342-c602aad72c63,Memory,60.888571428571424,55.60285714285714,7,24,10,5
83135a45-0ab1-4951-9342-c602aad72c63,Perception,55.74666666666667,48.41333333333333,3,24,10,5
83135a45-0ab1-4951-9342-c602aad72c63,Reasoning,57.440000000000005,50.77333333333334,3,24,10,5
83135a45-0ab1-4951-9342-c602aad72c63,Reflex,65.75599999999999,54.662,5,24,10,5
84d609a1-25fe-4bd7-9e7c-99fcbf878260,Attention,54.800000000000004,50.8,2,20,1,13
84d609a1-25fe-4bd7-9e7c-99fcbf878260,Learning,50.43,47.57,2,20,1,13
84d609a1-25fe-4bd7-9e7c-99fcbf878260,Memory,54.75,51.65,4,20,1,13
84d609a1-25fe-4bd7-9e7c-99fcbf878260,Reasoning,51.105000000000004,48.372499999999995,4,20,1,13
84d609a1-25fe-4bd7-9e7c-99fcbf878260,Reflex,51.885999999999996,48.785999999999994,5,20,1,13
8bd9d256-3ef1-4985-8c28-deb7a3a88f77,Attention,58.245000000000005,58.245000000000005,6,28,0,6
8bd9d256-3ef1-4985-8c28-deb7a3a88f77,Learning,66.29,57.9325,4,28,0,6
8bd9d256-3ef1-4985-8c28-deb7a3a88f77,Memory,64.36444444444444,55.42,9,28,0,6
8bd9d256-3ef1-4985-8c28-deb7a3a88f77,Perception,67.3725,54.5525,4,28,0,6
8bd9d256-3ef1-4985-8c28-deb7a3a88f77,Reasoning,64.556,60.24,5,28,0,6
8bd9d256-3ef1-4985-8c28-deb7a3a88f77,Reflex,60.18375,60.18375,8,28,0,6
9208b64b-3197-42c2-ae8d-f6528747ccd5,Attention,67.96000000000001,59.35333333333334,3,32,28,5
9208b64b-3197-42c2-ae8d-f6528747ccd5,Learning,80.57666666666667,77.83666666666667,3,32,28,5
9208b64b-3197-42c2-ae8d-f6528747ccd5,Memory,65.47857142857143,56.182857142857145,7,32,28,5
9208b64b-3197-42c2-ae8d-f6528747ccd5,Perception,68.73,68.73,1,32,28,5
9208b64b-3197-42c2-ae8d-f6528747ccd5,Reasoning,75.81000000000002,66.97666666666667,3,32,28,5
9208b64b-3197-42c2-ae8d-f6528747ccd5,Reflex,76.625,68.445,4,32,28,5
92cd5243-d6ad-464c-9a4f-b3998fa12823,Attention,60.7075,54.464999999999996,4,32,16,12
92cd5243-d6ad-464c-9a4f-b3998fa12823,Learning,77.80999999999999,67.76333333333332,3,32,16,12
92cd5243-d6ad-464c-9a4f-b3998fa12823,Memory,56.05,51.22666666666667,6,32,16,12
92cd5243-d6ad-464c-9a4f-b3998fa12823,Reasoning,87.42999999999999,81.71000000000001,1,32,16,12
92cd5243-d6ad-464c-9a4f-b3998fa12823,Reflex,59.76250000000001,52.129999999999995,4,32,16,12
92ec5e80-9c5e-4c54-8741-2155600d414b,Attention,48.026,44.83,5,18,20,6
92ec5e80-9c5e-4c54-8741-2155600d414b,Learning,48.13,42.92,4,18,20,6
92ec5e80-9c5e-4c54-8741-2155600d414b,Memory,48.497,46.14900000000001,10,18,20,6
92ec5e80-9c5e-4c54-8741-2155600d414b,Perception,51.777499999999996,45.235,4,18,20,6
92ec5e80-9c5e-4c54-8741-2155600d414b,Reasoning,52.38,49.234,5,18,20,6
92ec5e80-9c5e-4c54-8741-2155600d414b,Reflex,49.65428571428571,46.58571428571429,7,18,20,6
9751f248-ddc4-463f-bc1b-bec70fac7665,Attention,52.800000000000004,49.2,1,19,1,12
9751f248-ddc4-463f-bc1b-bec70fac7665,Learning,51.25000000000001,51.25000000000001,2,19,1,12
9751f248-ddc4-463f-bc1b-bec70fac7665,Memory,52.38799999999999,49.508,5,19,1,12
9751f248-ddc4-463f-bc1b-bec70fac7665,Perception,52.37499999999999,49.974999999999994,4,19,1,12
9751f248-ddc4-463f-bc1b-bec70fac7665,Reflex,54.400000000000006,52.6,2,19,1,12
9759c076-e161-4729-be6c-6bd12de352d7,Attention,60.510000000000005,60.510000000000005,3,26,45,6
9759c076-e161-4729-be6c-6bd12de352d7,Learning,56.47,56.47,1,26,45,6
9759c076-e161-4729-be6c-6bd12de352d7,Memory,60.04571428571428,60.04571428571428,7,26,45,6
9759c076-e161-4729-be6c-6bd12de352d7,Perception,60.24499999999999,60.24499999999999,2,26,45,6
9759c076-e161-4729-be6c-6bd12de352d7,Reasoning,62.457499999999996,59.027499999999996,4,26,45,6
9759c076-e161-4729-be6c-6bd12de352d7,Reflex,61.682500000000005,61.682500000000005,4,26,45,6
b2438e5a-3695-481a-b632-6eb4d36951c6,Attention,56.774,54.882,5,23,1,6
b2438e5a-3695-481a-b632-6eb4d36951c6,Learning,54.705000000000005,52.059999999999995,2,23,1,6
b2438e5a-3695-481a-b632-6eb4d36951c6,Memory,56.43555555555556,54.52888888888889,9,23,1,6
b2438e5a-3695-481a-b632-6eb4d36951c6,Perception,54.949999999999996,51.449999999999996,3,23,1,6
b2438e5a-3695-481a-b632-6eb4d36951c6,Reasoning,60.582,58.496,5,23,1,6
b2438e5a-3695-481a-b632-6eb4d36951c6,Reflex,60.714999999999996,58.415000000000006,6,23,1,6
b39e2975-afda-44c3-a522-dd04297fb7f4,Attention,33.69,32.69,4,19,45,2
b39e2975-afda-44c3-a522-dd04297fb7f4,Learning,36.63333333333333,30.46666666666667,3,19,45,2
b39e2975-afda-44c3-a522-dd04297fb7f4,Memory,35.1625,31.88125,8,19,45,2
b39e2975-afda-44c3-a522-dd04297fb7f4,Perception,35.3,29.72333333333333,3,19,45,2
b39e2975-afda-44c3-a522-dd04297fb7f4,Reasoning,42.32,31.905,2,19,45,2
b39e2975-afda-44c3-a522-dd04297fb7f4,Reflex,33.44166666666666,28.866666666666667,6,19,45,2
bd46da7d-cd0f-46ad-9cde-ea710c04a03e,Attention,56.08,56.08,4,25,0,5
bd46da7d-cd0f-46ad-9cde-ea710c04a03e,Learning,54.107499999999995,54.107499999999995,4,25,0,5
bd46da7d-cd0f-46ad-9cde-ea710c04a03e,Memory,54.94,53.515,8,25,0,5
bd46da7d-cd0f-46ad-9cde-ea710c04a03e,Perception,51.4925,51.4925,4,25,0,5
bd46da7d-cd0f-46ad-9cde-ea710c04a03e,Reasoning,55.45,52.449999999999996,4,25,0,5
bd46da7d-cd0f-46ad-9cde-ea710c04a03e,Reflex,55.18857142857143,51.831428571428575,7,25,0,5
c3f06e5c-6d66-481d-992a-6c0e6e0fb675,Attention,39.6,39.6,1,32,30,12
c3f06e5c-6d66-481d-992a-6c0e6e0fb675,Learning,39.809999999999995,33.019999999999996,3,32,30,12
c3f06e5c-6d66-481d-992a-6c0e6e0fb675,Memory,39.900000000000006,37.7125,4,32,30,12
c3f06e5c-6d66-481d-992a-6c0e6e0fb675,Perception,40.425,40.425,2,32,30,12
c3f06e5c-6d66-481d-992a-6c0e6e0fb675,Reasoning,38.91,30.0,2,32,30,12
c3f06e5c-6d66-481d-992a-6c0e6e0fb675,Reflex,40.392,34.282000000000004,5,32,30,12
c3fd7050-c00a-40a6-9f8d-e0604919e838,Attention,76.67,71.05833333333335,6,24,30,9
c3fd7050-c00a-40a6-9f8d-e0604919e838,Learning,69.43,69.43,4,24,30,9
c3fd7050-c00a-40a6-9f8d-e0604919e838,Memory,78.28777777777778,71.39888888888889,9,24,30,9
c3fd7050-c00a-40a6-9f8d-e0604919e838,Perception,70.34,61.43000000000001,2,24,30,9
c3fd7050-c00a-40a6-9f8d-e0604919e838,Reasoning,81.152,81.152,5,24,30,9
c3fd7050-c00a-40a6-9f8d-e0604919e838,Reflex,77.04125,73.175,8,24,30,9
cd35c371-0797-4e9c-8e4f-a32f7f8d8568,Attention,36.696666666666665,34.473333333333336,3,33,28,14
cd35c371-0797-4e9c-8e4f-a32f7f8d8568,Learning,33.35999999999999,33.35999999999999,3,33,28,14
cd35c371-0797-4e9c-8e4f-a32f7f8d8568,Memory,36.465,35.215,4,33,28,14
cd35c371-0797-4e9c-8e4f-a32f7f8d8568,Perception,32.88333333333334,32.88333333333334,3,33,28,14
cd35c371-0797-4e9c-8e4f-a32f7f8d8568,Reasoning,33.3875,33.3875,4,33,28,14
cd35c371-0797-4e9c-8e4f-a32f7f8d8568,Reflex,34.06666666666667,31.843333333333334,3,33,28,14
d729b756-1f75-49ad-b6a9-9c3b53c6f070,Attention,56.945,55.895,2,27,2,11
d729b756-1f75-49ad-b6a9-9c3b53c6f070,Memory,54.93333333333334,52.66666666666667,3,27,2,11
d729b756-1f75-49ad-b6a9-9c3b53c6f070,Reasoning,59.224999999999994,54.75,2,27,2,11
d729b756-1f75-49ad-b6a9-9c3b53c6f070,Reflex,59.92333333333333,56.80333333333333,3,27,2,11
fc001865-08c0-43c1-ac15-a62bd7a75886,Attention,47.599999999999994,47.599999999999994,1,20,25,2
fc001865-08c0-43c1-ac15-a62bd7a75886,Memory,43.956,43.486000000000004,5,20,25,2
fc001865-08c0-43c1-ac15-a62bd7a75886,Perception,42.74,41.565000000000005,2,20,25,2
fc001865-08c0-43c1-ac15-a62bd7a75886,Reasoning,40.5,40.5,1,20,25,2
fc001865-08c0-43c1-ac15-a62bd7a75886,Reflex,44.05,44.05,2,20,25,2
