player_id,game_id,game_title,game_type,cognitive_skills,max_score,raw_best_score,raw_average_score,play_count
0bf036d7-653e-4845-b973-cccc45b51984,3,Feed The Fishes,minigame,Memory;Attention,90,39,39,1
0bf036d7-653e-4845-b973-cccc45b51984,5,Match The Notes,minigame,Memory;Perception,200,111,51,5
0bf036d7-653e-4845-b973-cccc45b51984,6,Wordify,minigame,Learning,70,21,21,1
0bf036d7-653e-4845-b973-cccc45b51984,8,Word Reveal,minigame,Attention;Memory,170,24,24,1
0bf036d7-653e-4845-b973-cccc45b51984,9,Precision Product,minigame,Reflex;Learning,225,50,-8,2
0bf036d7-653e-4845-b973-cccc45b51984,11,Perception Match,minigame,Perception;Memory,250,118,118,1
0bf036d7-653e-4845-b973-cccc45b51984,14,Word Bubble,minigame,Learning,200,25,25,1
0bf036d7-653e-4845-b973-cccc45b51984,18,Stop The Clock,minigame,Reflex,800,130,130,1
0bf036d7-653e-4845-b973-cccc45b51984,19,Odd One Out,minigame,Reasoning,175,58,29,2
0bf036d7-653e-4845-b973-cccc45b51984,34,Level 5,level,Reasoning,190,42,42,1
116cc9df-3972-418f-8b08-06dbc9fdb86b,0,Cipher Rush,minigame,Attention;Reflex,250,12,12,1
116cc9df-3972-418f-8b08-06dbc9fdb86b,1,Match-a-Mole,minigame,Reflex;Attention,300,126,105,4
116cc9df-3972-418f-8b08-06dbc9fdb86b,3,Feed The Fishes,minigame,Memory;Attention,90,4,-30,2
116cc9df-3972-418f-8b08-06dbc9fdb86b,4,Train of Thoughts,minigame,Reflex;Reasoning,200,44,10,6
116cc9df-3972-418f-8b08-06dbc9fdb86b,5,Match The Notes,minigame,Memory;Perception,200,96,96,1
116cc9df-3972-418f-8b08-06dbc9fdb86b,6,Wordify,minigame,Learning,70,34,28,2
116cc9df-3972-418f-8b08-06dbc9fdb86b,8,Word Reveal,minigame,Attention;Memory,170,56,56,1
116cc9df-3972-418f-8b08-06dbc9fdb86b,9,Precision Product,minigame,Reflex;Learning,225,103,87,2
116cc9df-3972-418f-8b08-06dbc9fdb86b,10,Sequence Grid,minigame,Memory,100,32,32,1
116cc9df-3972-418f-8b08-06dbc9fdb86b,12,"Faster, Please",minigame,Reflex,200,28,2,2
116cc9df-3972-418f-8b08-06dbc9fdb86b,14,Word Bubble,minigame,Learning,200,34,-1,2
116cc9df-3972-418f-8b08-06dbc9fdb86b,15,Sequence Match,minigame,Memory,80,7,7,1
116cc9df-3972-418f-8b08-06dbc9fdb86b,16,Verbal Memory,minigame,Memory,250,36,36,1
116cc9df-3972-418f-8b08-06dbc9fdb86b,17,Number Memory,minigame,Memory,125,9,-1,7
116cc9df-3972-418f-8b08-06dbc9fdb86b,18,Stop The Clock,minigame,Reflex,800,224,121,13
116cc9df-3972-418f-8b08-06dbc9fdb86b,30,Level 1,level,Reflex;Attention,95,27,15,4
116cc9df-3972-418f-8b08-06dbc9fdb86b,31,Level 2,level,Memory;Attention,100,18,1,2
116cc9df-3972-418f-8b08-06dbc9fdb86b,33,Level 4,level,Reasoning;Reflex,120,36,27,2
11e71038-d788-41ef-94c1-8a710d21ddaf,0,Cipher Rush,minigame,Attention;Reflex,250,125,72,2
11e71038-d788-41ef-94c1-8a710d21ddaf,1,Match-a-Mole,minigame,Reflex;Attention,300,210,210,1
11e71038-d788-41ef-94c1-8a710d21ddaf,2,"Good Guy, Bad Guy",minigame,Memory,200,135,135,1
1d638396-0c39-4bb7-9ac6-68bc1a59d585,0,Cipher Rush,minigame,Attention;Reflex,250,233,233,1
1d638396-0c39-4bb7-9ac6-68bc1a59d585,1,Match-a-Mole,minigame,Reflex;Attention,300,274,274,1
1d638396-0c39-4bb7-9ac6-68bc1a59d585,2,"Good Guy, Bad Guy",minigame,Memory,200,179,144,10
1d638396-0c39-4bb7-9ac6-68bc1a59d585,3,Feed The Fishes,minigame,Memory;Attention,90,86,68,6
1d638396-0c39-4bb7-9ac6-68bc1a59d585,4,Train of Thoughts,minigame,Reflex;Reasoning,200,178,152,2
1d638396-0c39-4bb7-9ac6-68bc1a59d585,5,Match The Notes,minigame,Memory;Perception,200,187,169,5
1d638396-0c39-4bb7-9ac6-68bc1a59d585,6,Wordify,minigame,Learning,70,54,54,1
1d638396-0c39-4bb7-9ac6-68bc1a59d585,7,Find Me If You Can,minigame,Perception,275,210,210,1
1d638396-0c39-4bb7-9ac6-68bc1a59d585,8,Word Reveal,minigame,Attention;Memory,170,133,114,3
1d638396-0c39-4bb7-9ac6-68bc1a59d585,9,Precision Product,minigame,Reflex;Learning,225,220,220,1
1d638396-0c39-4bb7-9ac6-68bc1a59d585,10,Sequence Grid,minigame,Memory,100,98,98,1
1d638396-0c39-4bb7-9ac6-68bc1a59d585,11,Perception Match,minigame,Perception;Memory,250,200,200,1
1d638396-0c39-4bb7-9ac6-68bc1a59d585,12,"Faster, Please",minigame,Reflex,200,168,145,10
1d638396-0c39-4bb7-9ac6-68bc1a59d585,13,Wordle,minigame,Learning;Reasoning,170,167,141,13
1d638396-0c39-4bb7-9ac6-68bc1a59d585,14,Word Bubble,minigame,Learning,200,162,162,1
1d638396-0c39-4bb7-9ac6-68bc1a59d585,15,Sequence Match,minigame,Memory,80,75,63,2
1d638396-0c39-4bb7-9ac6-68bc1a59d585,16,Verbal Memory,minigame,Memory,250,237,206,5
1d638396-0c39-4bb7-9ac6-68bc1a59d585,17,Number Memory,minigame,Memory,125,122,122,1
1d638396-0c39-4bb7-9ac6-68bc1a59d585,18,Stop The Clock,minigame,Reflex,800,784,784,1
1d638396-0c39-4bb7-9ac6-68bc1a59d585,19,Odd One Out,minigame,Reasoning,175,150,150,1
1d638396-0c39-4bb7-9ac6-68bc1a59d585,30,Level 1,level,Reflex;Attention,95,68,68,1
1d638396-0c39-4bb7-9ac6-68bc1a59d585,31,Level 2,level,Memory;Attention,100,83,65,20
1d638396-0c39-4bb7-9ac6-68bc1a59d585,32,Level 3,level,Memory;Perception,85,83,83,1
1d638396-0c39-4bb7-9ac6-68bc1a59d585,33,Level 4,level,Reasoning;Reflex,120,118,103,2
1d638396-0c39-4bb7-9ac6-68bc1a59d585,34,Level 5,level,Reasoning,190,186,186,1
2f63d0f5-3731-4e44-87b3-2e5ba8b306d6,6,Wordify,minigame,Learning,70,0,0,1
2f63d0f5-3731-4e44-87b3-2e5ba8b306d6,8,Word Reveal,minigame,Attention;Memory,170,140,140,1
2f63d0f5-3731-4e44-87b3-2e5ba8b306d6,13,Wordle,minigame,Learning;Reasoning,170,110,110,1
33d08ff5-31e3-44b9-9100-e1ae687fd601,19,Odd One Out,minigame,Reasoning,175,110,110,1
354e20d4-599b-42fc-a2b0-122ca4feb2d9,0,Cipher Rush,minigame,Attention;Reflex,250,225,225,1
354e20d4-599b-42fc-a2b0-122ca4feb2d9,1,Match-a-Mole,minigame,Reflex;Attention,300,250,250,1
354e20d4-599b-42fc-a2b0-122ca4feb2d9,2,"Good Guy, Bad Guy",minigame,Memory,200,190,190,1
354e20d4-599b-42fc-a2b0-122ca4feb2d9,3,Feed The Fishes,minigame,Memory;Attention,90,90,90,1
354e20d4-599b-42fc-a2b0-122ca4feb2d9,4,Train of Thoughts,minigame,Reflex;Reasoning,200,170,170,1
354e20d4-599b-42fc-a2b0-122ca4feb2d9,5,Match The Notes,minigame,Memory;Perception,200,10,-5,2
354e20d4-599b-42fc-a2b0-122ca4feb2d9,7,Find Me If You Can,minigame,Perception,275,195,195,1
354e20d4-599b-42fc-a2b0-122ca4feb2d9,8,Word Reveal,minigame,Attention;Memory,170,-75,-98,2
354e20d4-599b-42fc-a2b0-122ca4feb2d9,10,Sequence Grid,minigame,Memory,100,50,50,1
354e20d4-599b-42fc-a2b0-122ca4feb2d9,11,Perception Match,minigame,Perception;Memory,250,0,0,1
354e20d4-599b-42fc-a2b0-122ca4feb2d9,12,"Faster, Please",minigame,Reflex,200,156,156,1
354e20d4-599b-42fc-a2b0-122ca4feb2d9,13,Wordle,minigame,Learning;Reasoning,170,10,10,1
354e20d4-599b-42fc-a2b0-122ca4feb2d9,14,Word Bubble,minigame,Learning,200,0,0,1
354e20d4-599b-42fc-a2b0-122ca4feb2d9,17,Number Memory,minigame,Memory,125,80,80,1
354e20d4-599b-42fc-a2b0-122ca4feb2d9,18,Stop The Clock,minigame,Reflex,800,556,556,1
354e20d4-599b-42fc-a2b0-122ca4feb2d9,19,Odd One Out,minigame,Reasoning,175,95,95,1
354e20d4-599b-42fc-a2b0-122ca4feb2d9,30,Level 1,level,Reflex;Attention,95,103,149,6
361c7d6f-1410-4d11-815d-68fdcdadaa74,0,Cipher Rush,minigame,Attention;Reflex,250,194,194,1
361c7d6f-1410-4d11-815d-68fdcdadaa74,1,Match-a-Mole,minigame,Reflex;Attention,300,108,-12,2
361c7d6f-1410-4d11-815d-68fdcdadaa74,2,"Good Guy, Bad Guy",minigame,Memory,200,106,33,2
361c7d6f-1410-4d11-815d-68fdcdadaa74,3,Feed The Fishes,minigame,Memory;Attention,90,30,30,1
361c7d6f-1410-4d11-815d-68fdcdadaa74,4,Train of Thoughts,minigame,Reflex;Reasoning,200,172,73,4
361c7d6f-1410-4d11-815d-68fdcdadaa74,6,Wordify,minigame,Learning,70,39,39,1
361c7d6f-1410-4d11-815d-68fdcdadaa74,7,Find Me If You Can,minigame,Perception,275,214,214,1
361c7d6f-1410-4d11-815d-68fdcdadaa74,8,Word Reveal,minigame,Attention;Memory,170,45,45,1
361c7d6f-1410-4d11-815d-68fdcdadaa74,10,Sequence Grid,minigame,Memory,100,75,55,2
361c7d6f-1410-4d11-815d-68fdcdadaa74,11,Perception Match,minigame,Perception;Memory,250,156,156,1
361c7d6f-1410-4d11-815d-68fdcdadaa74,13,Wordle,minigame,Learning;Reasoning,170,83,83,1
361c7d6f-1410-4d11-815d-68fdcdadaa74,14,Word Bubble,minigame,Learning,200,164,164,1
361c7d6f-1410-4d11-815d-68fdcdadaa74,16,Verbal Memory,minigame,Memory,250,70,70,1
361c7d6f-1410-4d11-815d-68fdcdadaa74,17,Number Memory,minigame,Memory,125,57,57,1
361c7d6f-1410-4d11-815d-68fdcdadaa74,19,Odd One Out,minigame,Reasoning,175,128,128,1
361c7d6f-1410-4d11-815d-68fdcdadaa74,30,Level 1,level,Reflex;Attention,95,48,48,1
361c7d6f-1410-4d11-815d-68fdcdadaa74,31,Level 2,level,Memory;Attention,100,59,59,1
361c7d6f-1410-4d11-815d-68fdcdadaa74,32,Level 3,level,Memory;Perception,85,50,50,1
361c7d6f-1410-4d11-815d-68fdcdadaa74,34,Level 5,level,Reasoning,190,101,101,1
364223cd-b583-4eeb-87c7-478c7c0debf4,0,Cipher Rush,minigame,Attention;Reflex,250,72,72,1
364223cd-b583-4eeb-87c7-478c7c0debf4,2,"Good Guy, Bad Guy",minigame,Memory,200,103,103,1
364223cd-b583-4eeb-87c7-478c7c0debf4,8,Word Reveal,minigame,Attention;Memory,170,105,105,1
364223cd-b583-4eeb-87c7-478c7c0debf4,9,Precision Product,minigame,Reflex;Learning,225,118,118,1
364223cd-b583-4eeb-87c7-478c7c0debf4,10,Sequence Grid,minigame,Memory,100,69,56,2
364223cd-b583-4eeb-87c7-478c7c0debf4,13,Wordle,minigame,Learning;Reasoning,170,112,86,2
364223cd-b583-4eeb-87c7-478c7c0debf4,15,Sequence Match,minigame,Memory,80,48,48,1
364223cd-b583-4eeb-87c7-478c7c0debf4,16,Verbal Memory,minigame,Memory,250,126,95,13
364223cd-b583-4eeb-87c7-478c7c0debf4,17,Number Memory,minigame,Memory,125,51,51,1
364223cd-b583-4eeb-87c7-478c7c0debf4,32,Level 3,level,Memory;Perception,85,33,23,4
364223cd-b583-4eeb-87c7-478c7c0debf4,33,Level 4,level,Reasoning;Reflex,120,58,58,1
36f8a2f6-7625-4ceb-aca1-6949807b6339,1,Match-a-Mole,minigame,Reflex;Attention,300,240,205,2
36f8a2f6-7625-4ceb-aca1-6949807b6339,3,Feed The Fishes,minigame,Memory;Attention,90,80,68,2
36f8a2f6-7625-4ceb-aca1-6949807b6339,4,Train of Thoughts,minigame,Reflex;Reasoning,200,155,125,2
36f8a2f6-7625-4ceb-aca1-6949807b6339,6,Wordify,minigame,Learning,70,20,20,2
36f8a2f6-7625-4ceb-aca1-6949807b6339,7,Find Me If You Can,minigame,Perception,275,195,195,1
36f8a2f6-7625-4ceb-aca1-6949807b6339,12,"Faster, Please",minigame,Reflex,200,157,157,1
36f8a2f6-7625-4ceb-aca1-6949807b6339,18,Stop The Clock,minigame,Reflex,800,171,171,1
36f8a2f6-7625-4ceb-aca1-6949807b6339,19,Odd One Out,minigame,Reasoning,175,90,43,3
42e366fd-7fbd-4312-ae4b-f4856249d7b5 (1),0,Cipher Rush,minigame,Attention;Reflex,250,170,160,2
42e366fd-7fbd-4312-ae4b-f4856249d7b5 (1),1,Match-a-Mole,minigame,Reflex;Attention,300,230,230,1
42e366fd-7fbd-4312-ae4b-f4856249d7b5 (1),2,"Good Guy, Bad Guy",minigame,Memory,200,155,155,1
42e366fd-7fbd-4312-ae4b-f4856249d7b5 (1),3,Feed The Fishes,minigame,Memory;Attention,90,90,90,1
42e366fd-7fbd-4312-ae4b-f4856249d7b5 (1),4,Train of Thoughts,minigame,Reflex;Reasoning,200,185,185,1
42e366fd-7fbd-4312-ae4b-f4856249d7b5 (1),5,Match The Notes,minigame,Memory;Perception,200,45,45,1
42e366fd-7fbd-4312-ae4b-f4856249d7b5 (1),6,Wordify,minigame,Learning,70,30,20,2
42e366fd-7fbd-4312-ae4b-f4856249d7b5 (1),7,Find Me If You Can,minigame,Perception,275,235,235,1
42e366fd-7fbd-4312-ae4b-f4856249d7b5 (1),8,Word Reveal,minigame,Attention;Memory,170,63,63,1
42e366fd-7fbd-4312-ae4b-f4856249d7b5 (1),10,Sequence Grid,minigame,Memory,100,70,70,1
42e366fd-7fbd-4312-ae4b-f4856249d7b5 (1),11,Perception Match,minigame,Perception;Memory,250,145,145,1
42e366fd-7fbd-4312-ae4b-f4856249d7b5 (1),12,"Faster, Please",minigame,Reflex,200,172,172,1
42e366fd-7fbd-4312-ae4b-f4856249d7b5 (1),18,Stop The Clock,minigame,Reflex,800,616,616,1
42e366fd-7fbd-4312-ae4b-f4856249d7b5 (1),19,Odd One Out,minigame,Reasoning,175,160,160,1
42e366fd-7fbd-4312-ae4b-f4856249d7b5 (1),30,Level 1,level,Reflex;Attention,95,97,137,6
45eac662-3ea6-4f0a-a327-18910895411d,1,Match-a-Mole,minigame,Reflex;Attention,300,43,-2,3
45eac662-3ea6-4f0a-a327-18910895411d,6,Wordify,minigame,Learning,70,25,25,1
45eac662-3ea6-4f0a-a327-18910895411d,7,Find Me If You Can,minigame,Perception,275,32,14,2
45eac662-3ea6-4f0a-a327-18910895411d,10,Sequence Grid,minigame,Memory,100,40,40,1
45eac662-3ea6-4f0a-a327-18910895411d,13,Wordle,minigame,Learning;Reasoning,170,72,72,1
45eac662-3ea6-4f0a-a327-18910895411d,14,Word Bubble,minigame,Learning,200,52,-19,4
45eac662-3ea6-4f0a-a327-18910895411d,16,Verbal Memory,minigame,Memory,250,124,124,1
45eac662-3ea6-4f0a-a327-18910895411d,33,Level 4,level,Reasoning;Reflex,120,78,78,1
517b9976-d2ab-40bb-b250-cfce5e299567,0,Cipher Rush,minigame,Attention;Reflex,250,120,17,3
517b9976-d2ab-40bb-b250-cfce5e299567,1,Match-a-Mole,minigame,Reflex;Attention,300,250,185,2
517b9976-d2ab-40bb-b250-cfce5e299567,2,"Good Guy, Bad Guy",minigame,Memory,200,0,0,1
517b9976-d2ab-40bb-b250-cfce5e299567,3,Feed The Fishes,minigame,Memory;Attention,90,0,0,2
517b9976-d2ab-40bb-b250-cfce5e299567,4,Train of Thoughts,minigame,Reflex;Reasoning,200,70,47,3
517b9976-d2ab-40bb-b250-cfce5e299567,5,Match The Notes,minigame,Memory;Perception,200,40,20,2
517b9976-d2ab-40bb-b250-cfce5e299567,7,Find Me If You Can,minigame,Perception,275,35,5,7
517b9976-d2ab-40bb-b250-cfce5e299567,8,Word Reveal,minigame,Attention;Memory,170,-75,-95,3
517b9976-d2ab-40bb-b250-cfce5e299567,10,Sequence Grid,minigame,Memory,100,30,15,4
517b9976-d2ab-40bb-b250-cfce5e299567,14,Word Bubble,minigame,Learning,200,36,18,2
517b9976-d2ab-40bb-b250-cfce5e299567,30,Level 1,level,Reflex;Attention,95,0,40,10
5414e0d6-f807-44bb-948c-00eb2056c359,1,Match-a-Mole,minigame,Reflex;Attention,300,52,52,1
5414e0d6-f807-44bb-948c-00eb2056c359,10,Sequence Grid,minigame,Memory,100,13,-16,3
5414e0d6-f807-44bb-948c-00eb2056c359,13,Wordle,minigame,Learning;Reasoning,170,64,64,1
5414e0d6-f807-44bb-948c-00eb2056c359,16,Verbal Memory,minigame,Memory,250,111,61,2
5414e0d6-f807-44bb-948c-00eb2056c359,19,Odd One Out,minigame,Reasoning,175,53,30,3
5414e0d6-f807-44bb-948c-00eb2056c359,30,Level 1,level,Reflex;Attention,95,34,15,2
5414e0d6-f807-44bb-948c-00eb2056c359,34,Level 5,level,Reasoning,190,13,13,1
54716eaf-ebd2-4b23-8374-4a9e022d81ad (1),0,Cipher Rush,minigame,Attention;Reflex,250,100,100,1
54716eaf-ebd2-4b23-8374-4a9e022d81ad (1),1,Match-a-Mole,minigame,Reflex;Attention,300,245,245,1
54716eaf-ebd2-4b23-8374-4a9e022d81ad (1),2,"Good Guy, Bad Guy",minigame,Memory,200,185,170,4
54716eaf-ebd2-4b23-8374-4a9e022d81ad (1),30,Level 1,level,Reflex;Attention,95,109,109,1
578f0064-ba44-4300-ba13-5bfa94e295aa,1,Match-a-Mole,minigame,Reflex;Attention,300,215,215,1
578f0064-ba44-4300-ba13-5bfa94e295aa,4,Train of Thoughts,minigame,Reflex;Reasoning,200,200,185,2
578f0064-ba44-4300-ba13-5bfa94e295aa,6,Wordify,minigame,Learning,70,35,21,4
578f0064-ba44-4300-ba13-5bfa94e295aa,7,Find Me If You Can,minigame,Perception,275,220,220,1
578f0064-ba44-4300-ba13-5bfa94e295aa,8,Word Reveal,minigame,Attention;Memory,170,112,112,1
578f0064-ba44-4300-ba13-5bfa94e295aa,9,Precision Product,minigame,Reflex;Learning,225,125,125,1
578f0064-ba44-4300-ba13-5bfa94e295aa,10,Sequence Grid,minigame,Memory,100,60,60,1
578f0064-ba44-4300-ba13-5bfa94e295aa,11,Perception Match,minigame,Perception;Memory,250,75,75,1
578f0064-ba44-4300-ba13-5bfa94e295aa,12,"Faster, Please",minigame,Reflex,200,181,175,2
578f0064-ba44-4300-ba13-5bfa94e295aa,13,Wordle,minigame,Learning;Reasoning,170,110,90,2
578f0064-ba44-4300-ba13-5bfa94e295aa,14,Word Bubble,minigame,Learning,200,91,91,1
578f0064-ba44-4300-ba13-5bfa94e295aa,15,Sequence Match,minigame,Memory,80,30,30,1
578f0064-ba44-4300-ba13-5bfa94e295aa,16,Verbal Memory,minigame,Memory,250,590,590,1
578f0064-ba44-4300-ba13-5bfa94e295aa,31,Level 2,level,Memory;Attention,100,111,128,2
578f0064-ba44-4300-ba13-5bfa94e295aa,33,Level 4,level,Reasoning;Reflex,120,168,168,1
5b190361-fc48-47f8-b155-85daa06d2d0c,0,Cipher Rush,minigame,Attention;Reflex,250,193,143,3
5b190361-fc48-47f8-b155-85daa06d2d0c,2,"Good Guy, Bad Guy",minigame,Memory,200,148,148,1
5b190361-fc48-47f8-b155-85daa06d2d0c,3,Feed The Fishes,minigame,Memory;Attention,90,54,54,1
5b190361-fc48-47f8-b155-85daa06d2d0c,4,Train of Thoughts,minigame,Reflex;Reasoning,200,129,129,1
5b190361-fc48-47f8-b155-85daa06d2d0c,5,Match The Notes,minigame,Memory;Perception,200,161,161,1
5b190361-fc48-47f8-b155-85daa06d2d0c,6,Wordify,minigame,Learning,70,53,46,6
5b190361-fc48-47f8-b155-85daa06d2d0c,7,Find Me If You Can,minigame,Perception,275,161,161,1
5b190361-fc48-47f8-b155-85daa06d2d0c,8,Word Reveal,minigame,Attention;Memory,170,147,108,3
5b190361-fc48-47f8-b155-85daa06d2d0c,12,"Faster, Please",minigame,Reflex,200,122,94,5
5b190361-fc48-47f8-b155-85daa06d2d0c,13,Wordle,minigame,Learning;Reasoning,170,89,89,1
5b190361-fc48-47f8-b155-85daa06d2d0c,14,Word Bubble,minigame,Learning,200,110,84,2
5b190361-fc48-47f8-b155-85daa06d2d0c,15,Sequence Match,minigame,Memory,80,50,50,1
5b190361-fc48-47f8-b155-85daa06d2d0c,16,Verbal Memory,minigame,Memory,250,201,172,4
5b190361-fc48-47f8-b155-85daa06d2d0c,17,Number Memory,minigame,Memory,125,47,21,13
5b190361-fc48-47f8-b155-85daa06d2d0c,18,Stop The Clock,minigame,Reflex,800,527,527,1
5b190361-fc48-47f8-b155-85daa06d2d0c,30,Level 1,level,Reflex;Attention,95,75,75,1
5b190361-fc48-47f8-b155-85daa06d2d0c,31,Level 2,level,Memory;Attention,100,81,81,1
5b190361-fc48-47f8-b155-85daa06d2d0c,32,Level 3,level,Memory;Perception,85,59,59,1
5b190361-fc48-47f8-b155-85daa06d2d0c,33,Level 4,level,Reasoning;Reflex,120,98,98,1
5fb34995-9d6e-4292-913d-ebcafd0ca34a,0,Cipher Rush,minigame,Attention;Reflex,250,86,-21,3
5fb34995-9d6e-4292-913d-ebcafd0ca34a,1,Match-a-Mole,minigame,Reflex;Attention,300,92,92,1
5fb34995-9d6e-4292-913d-ebcafd0ca34a,2,"Good Guy, Bad Guy",minigame,Memory,200,25,25,1
5fb34995-9d6e-4292-913d-ebcafd0ca34a,4,Train of Thoughts,minigame,Reflex;Reasoning,200,95,95,1
5fb34995-9d6e-4292-913d-ebcafd0ca34a,5,Match The Notes,minigame,Memory;Perception,200,78,78,1
5fb34995-9d6e-4292-913d-ebcafd0ca34a,6,Wordify,minigame,Learning,70,48,48,1
5fb34995-9d6e-4292-913d-ebcafd0ca34a,7,Find Me If You Can,minigame,Perception,275,37,37,1
5fb34995-9d6e-4292-913d-ebcafd0ca34a,8,Word Reveal,minigame,Attention;Memory,170,81,81,1
5fb34995-9d6e-4292-913d-ebcafd0ca34a,11,Perception Match,minigame,Perception;Memory,250,167,167,1
5fb34995-9d6e-4292-913d-ebcafd0ca34a,12,"Faster, Please",minigame,Reflex,200,58,-40,5
5fb34995-9d6e-4292-913d-ebcafd0ca34a,14,Word Bubble,minigame,Learning,200,86,6,2
5fb34995-9d6e-4292-913d-ebcafd0ca34a,15,Sequence Match,minigame,Memory,80,28,28,1
5fb34995-9d6e-4292-913d-ebcafd0ca34a,17,Number Memory,minigame,Memory,125,38,5,2
5fb34995-9d6e-4292-913d-ebcafd0ca34a,18,Stop The Clock,minigame,Reflex,800,309,309,1
5fb34995-9d6e-4292-913d-ebcafd0ca34a,31,Level 2,level,Memory;Attention,100,55,34,2
5fb34995-9d6e-4292-913d-ebcafd0ca34a,32,Level 3,level,Memory;Perception,85,24,24,1
5fb34995-9d6e-4292-913d-ebcafd0ca34a,33,Level 4,level,Reasoning;Reflex,120,59,18,3
5fb34995-9d6e-4292-913d-ebcafd0ca34a,34,Level 5,level,Reasoning,190,93,58,4
61db4526-1302-49fc-84ce-0954cf692242,0,Cipher Rush,minigame,Attention;Reflex,250,150,78,2
61db4526-1302-49fc-84ce-0954cf692242,1,Match-a-Mole,minigame,Reflex;Attention,300,100,100,1
61db4526-1302-49fc-84ce-0954cf692242,2,"Good Guy, Bad Guy",minigame,Memory,200,40,40,1
61db4526-1302-49fc-84ce-0954cf692242,3,Feed The Fishes,minigame,Memory;Attention,90,75,75,1
61db4526-1302-49fc-84ce-0954cf692242,4,Train of Thoughts,minigame,Reflex;Reasoning,200,5,5,1
61db4526-1302-49fc-84ce-0954cf692242,13,Wordle,minigame,Learning;Reasoning,170,70,70,1
61db4526-1302-49fc-84ce-0954cf692242,30,Level 1,level,Reflex;Attention,95,103,146,2
6c5ae84a-2357-43f8-9c88-c4c67c37865b,0,Cipher Rush,minigame,Attention;Reflex,250,40,15,2
6c5ae84a-2357-43f8-9c88-c4c67c37865b,1,Match-a-Mole,minigame,Reflex;Attention,300,170,170,1
6c5ae84a-2357-43f8-9c88-c4c67c37865b,2,"Good Guy, Bad Guy",minigame,Memory,200,95,90,2
74eb4edc-7eb3-4a6a-af1f-33bd4fcaf373,0,Cipher Rush,minigame,Attention;Reflex,250,106,-65,7
74eb4edc-7eb3-4a6a-af1f-33bd4fcaf373,1,Match-a-Mole,minigame,Reflex;Attention,300,91,91,1
74eb4edc-7eb3-4a6a-af1f-33bd4fcaf373,3,Feed The Fishes,minigame,Memory;Attention,90,64,64,1
74eb4edc-7eb3-4a6a-af1f-33bd4fcaf373,4,Train of Thoughts,minigame,Reflex;Reasoning,200,30,30,1
74eb4edc-7eb3-4a6a-af1f-33bd4fcaf373,13,Wordle,minigame,Learning;Reasoning,170,78,57,3
74eb4edc-7eb3-4a6a-af1f-33bd4fcaf373,16,Verbal Memory,minigame,Memory,250,86,20,2
74eb4edc-7eb3-4a6a-af1f-33bd4fcaf373,30,Level 1,level,Reflex;Attention,95,53,35,4
7b116dad-c57d-4ce7-938d-85753438907b,0,Cipher Rush,minigame,Attention;Reflex,250,138,82,13
7b116dad-c57d-4ce7-938d-85753438907b,2,"Good Guy, Bad Guy",minigame,Memory,200,103,57,10
7b116dad-c57d-4ce7-938d-85753438907b,3,Feed The Fishes,minigame,Memory;Attention,90,45,28,4
7b116dad-c57d-4ce7-938d-85753438907b,4,Train of Thoughts,minigame,Reflex;Reasoning,200,84,84,1
7b116dad-c57d-4ce7-938d-85753438907b,5,Match The Notes,minigame,Memory;Perception,200,72,72,1
7b116dad-c57d-4ce7-938d-85753438907b,6,Wordify,minigame,Learning,70,42,27,7
7b116dad-c57d-4ce7-938d-85753438907b,8,Word Reveal,minigame,Attention;Memory,170,118,93,20
7b116dad-c57d-4ce7-938d-85753438907b,9,Precision Product,minigame,Reflex;Learning,225,155,85,2
7b116dad-c57d-4ce7-938d-85753438907b,10,Sequence Grid,minigame,Memory,100,51,51,1
7b116dad-c57d-4ce7-938d-85753438907b,11,Perception Match,minigame,Perception;Memory,250,90,90,1
7b116dad-c57d-4ce7-938d-85753438907b,12,"Faster, Please",minigame,Reflex,200,159,159,1
7b116dad-c57d-4ce7-938d-85753438907b,13,Wordle,minigame,Learning;Reasoning,170,97,44,2
7b116dad-c57d-4ce7-938d-85753438907b,14,Word Bubble,minigame,Learning,200,91,54,2
7b116dad-c57d-4ce7-938d-85753438907b,15,Sequence Match,minigame,Memory,80,37,10,2
7b116dad-c57d-4ce7-938d-85753438907b,16,Verbal Memory,minigame,Memory,250,122,122,1
7b116dad-c57d-4ce7-938d-85753438907b,18,Stop The Clock,minigame,Reflex,800,357,357,1
7b116dad-c57d-4ce7-938d-85753438907b,19,Odd One Out,minigame,Reasoning,175,32,32,1
7b116dad-c57d-4ce7-938d-85753438907b,30,Level 1,level,Reflex;Attention,95,51,18,3
7b116dad-c57d-4ce7-938d-85753438907b,31,Level 2,level,Memory;Attention,100,61,31,2
7b116dad-c57d-4ce7-938d-85753438907b,32,Level 3,level,Memory;Perception,85,36,36,1
7b116dad-c57d-4ce7-938d-85753438907b,33,Level 4,level,Reasoning;Reflex,120,82,82,1
7b116dad-c57d-4ce7-938d-85753438907b,34,Level 5,level,Reasoning,190,80,80,1
7e44185a-6c68-4f60-87b9-6319e7d28b67,1,Match-a-Mole,minigame,Reflex;Attention,300,185,185,1
7e44185a-6c68-4f60-87b9-6319e7d28b67,2,"Good Guy, Bad Guy",minigame,Memory,200,185,185,1
7e44185a-6c68-4f60-87b9-6319e7d28b67,3,Feed The Fishes,minigame,Memory;Attention,90,80,80,1
7e44185a-6c68-4f60-87b9-6319e7d28b67,4,Train of Thoughts,minigame,Reflex;Reasoning,200,160,160,1
7e44185a-6c68-4f60-87b9-6319e7d28b67,5,Match The Notes,minigame,Memory;Perception,200,179,179,1
7e44185a-6c68-4f60-87b9-6319e7d28b67,7,Find Me If You Can,minigame,Perception,275,253,253,1
7e44185a-6c68-4f60-87b9-6319e7d28b67,10,Sequence Grid,minigame,Memory,100,78,59,3
7e44185a-6c68-4f60-87b9-6319e7d28b67,11,Perception Match,minigame,Perception;Memory,250,212,189,6
7e44185a-6c68-4f60-87b9-6319e7d28b67,12,"Faster, Please",minigame,Reflex,200,137,103,6
7e44185a-6c68-4f60-87b9-6319e7d28b67,13,Wordle,minigame,Learning;Reasoning,170,129,76,4
7e44185a-6c68-4f60-87b9-6319e7d28b67,14,Word Bubble,minigame,Learning,200,162,118,4
7e44185a-6c68-4f60-87b9-6319e7d28b67,15,Sequence Match,minigame,Memory,80,45,45,1
7e44185a-6c68-4f60-87b9-6319e7d28b67,16,Verbal Memory,minigame,Memory,250,166,96,2
7e44185a-6c68-4f60-87b9-6319e7d28b67,17,Number Memory,minigame,Memory,125,122,78,5
7e44185a-6c68-4f60-87b9-6319e7d28b67,18,Stop The Clock,minigame,Reflex,800,784,695,2
7e44185a-6c68-4f60-87b9-6319e7d28b67,19,Odd One Out,minigame,Reasoning,175,127,103,4
7e44185a-6c68-4f60-87b9-6319e7d28b67,30,Level 1,level,Reflex;Attention,95,72,72,1
7e44185a-6c68-4f60-87b9-6319e7d28b67,31,Level 2,level,Memory;Attention,100,98,82,4
7e44185a-6c68-4f60-87b9-6319e7d28b67,32,Level 3,level,Memory;Perception,85,50,50,1
7e44185a-6c68-4f60-87b9-6319e7d28b67,33,Level 4,level,Reasoning;Reflex,120,117,105,2
7e44185a-6c68-4f60-87b9-6319e7d28b67,34,Level 5,level,Reasoning,190,161,142,7
83135a45-0ab1-4951-9342-c602aad72c63,0,Cipher Rush,minigame,Attention;Reflex,250,-65,-85,2
83135a45-0ab1-4951-9342-c602aad72c63,1,Match-a-Mole,minigame,Reflex;Attention,300,115,108,2
83135a45-0ab1-4951-9342-c602aad72c63,2,"Good Guy, Bad Guy",minigame,Memory,200,135,132,2
83135a45-0ab1-4951-9342-c602aad72c63,3,Feed The Fishes,minigame,Memory;Attention,90,50,50,1
83135a45-0ab1-4951-9342-c602aad72c63,4,Train of Thoughts,minigame,Reflex;Reasoning,200,40,20,2
83135a45-0ab1-4951-9342-c602aad72c63,5,Match The Notes,minigame,Memory;Perception,200,0,0,1
83135a45-0ab1-4951-9342-c602aad72c63,7,Find Me If You Can,minigame,Perception,275,100,100,1
83135a45-0ab1-4951-9342-c602aad72c63,8,Word Reveal,minigame,Attention;Memory,170,-55,-55,1
83135a45-0ab1-4951-9342-c602aad72c63,10,Sequence Grid,minigame,Memory,100,30,30,1
83135a45-0ab1-4951-9342-c602aad72c63,11,Perception Match,minigame,Perception;Memory,250,125,95,2
83135a45-0ab1-4951-9342-c602aad72c63,13,Wordle,minigame,Learning;Reasoning,170,40,40,1
83135a45-0ab1-4951-9342-c602aad72c63,14,Word Bubble,minigame,Learning,200,10,10,1
83135a45-0ab1-4951-9342-c602aad72c63,17,Number Memory,minigame,Memory,125,55,55,1
83135a45-0ab1-4951-9342-c602aad72c63,18,Stop The Clock,minigame,Reflex,800,98,98,1
83135a45-0ab1-4951-9342-c602aad72c63,19,Odd One Out,minigame,Reasoning,175,35,35,1
83135a45-0ab1-4951-9342-c602aad72c63,30,Level 1,level,Reflex;Attention,95,107,210,6
8bd9d256-3ef1-4985-8c28-deb7a3a88f77,0,Cipher Rush,minigame,Attention;Reflex,250,82,82,1
8bd9d256-3ef1-4985-8c28-deb7a3a88f77,1,Match-a-Mole,minigame,Reflex;Attention,300,19,19,1
8bd9d256-3ef1-4985-8c28-deb7a3a88f77,3,Feed The Fishes,minigame,Memory;Attention,90,43,43,1
8bd9d256-3ef1-4985-8c28-deb7a3a88f77,4,Train of Thoughts,minigame,Reflex;Reasoning,200,15,15,1
8bd9d256-3ef1-4985-8c28-deb7a3a88f77,5,Match The Notes,minigame,Memory;Perception,200,55,55,1
8bd9d256-3ef1-4985-8c28-deb7a3a88f77,6,Wordify,minigame,Learning,70,26,6,3
8bd9d256-3ef1-4985-8c28-deb7a3a88f77,7,Find Me If You Can,minigame,Perception,275,41,-72,3
8bd9d256-3ef1-4985-8c28-deb7a3a88f77,8,Word Reveal,minigame,Attention;Memory,170,53,53,1
8bd9d256-3ef1-4985-8c28-deb7a3a88f77,9,Precision Product,minigame,Reflex;Learning,225,84,84,1
8bd9d256-3ef1-4985-8c28-deb7a3a88f77,11,Perception Match,minigame,Perception;Memory,250,90,43,13
8bd9d256-3ef1-4985-8c28-deb7a3a88f77,12,"Faster, Please",minigame,Reflex,200,55,55,1
8bd9d256-3ef1-4985-8c28-deb7a3a88f77,13,Wordle,minigame,Learning;Reasoning,170,119,119,1
8bd9d256-3ef1-4985-8c28-deb7a3a88f77,14,Word Bubble,minigame,Learning,200,19,-12,2
8bd9d256-3ef1-4985-8c28-deb7a3a88f77,15,Sequence Match,minigame,Memory,80,5,-5,2
8bd9d256-3ef1-4985-8c28-deb7a3a88f77,16,Verbal Memory,minigame,Memory,250,34,-34,3
8bd9d256-3ef1-4985-8c28-deb7a3a88f77,17,Number Memory,minigame,Memory,125,6,6,1
8bd9d256-3ef1-4985-8c28-deb7a3a88f77,18,Stop The Clock,minigame,Reflex,800,78,78,1
8bd9d256-3ef1-4985-8c28-deb7a3a88f77,19,Odd One Out,minigame,Reasoning,175,54,54,1
8bd9d256-3ef1-4985-8c28-deb7a3a88f77,30,Level 1,level,Reflex;Attention,95,14,14,1
8bd9d256-3ef1-4985-8c28-deb7a3a88f77,31,Level 2,level,Memory;Attention,100,5,5,1
8bd9d256-3ef1-4985-8c28-deb7a3a88f77,32,Level 3,level,Memory;Perception,85,27,-3,6
8bd9d256-3ef1-4985-8c28-deb7a3a88f77,33,Level 4,level,Reasoning;Reflex,120,20,20,1
8bd9d256-3ef1-4985-8c28-deb7a3a88f77,34,Level 5,level,Reasoning,190,21,-3,2
9208b64b-3197-42c2-ae8d-f6528747ccd5,2,"Good Guy, Bad Guy",minigame,Memory,200,152,152,1
9208b64b-3197-42c2-ae8d-f6528747ccd5,3,Feed The Fishes,minigame,Memory;Attention,90,65,62,3
9208b64b-3197-42c2-ae8d-f6528747ccd5,4,Train of Thoughts,minigame,Reflex;Reasoning,200,155,147,2
9208b64b-3197-42c2-ae8d-f6528747ccd5,7,Find Me If You Can,minigame,Perception,275,196,196,1
9208b64b-3197-42c2-ae8d-f6528747ccd5,8,Word Reveal,minigame,Attention;Memory,170,108,104,6
9208b64b-3197-42c2-ae8d-f6528747ccd5,9,Precision Product,minigame,Reflex;Learning,225,112,99,2
9208b64b-3197-42c2-ae8d-f6528747ccd5,10,Sequence Grid,minigame,Memory,100,77,74,2
9208b64b-3197-42c2-ae8d-f6528747ccd5,13,Wordle,minigame,Learning;Reasoning,170,120,120,1
9208b64b-3197-42c2-ae8d-f6528747ccd5,14,Word Bubble,minigame,Learning,200,126,126,1
9208b64b-3197-42c2-ae8d-f6528747ccd5,15,Sequence Match,minigame,Memory,80,48,45,2
9208b64b-3197-42c2-ae8d-f6528747ccd5,16,Verbal Memory,minigame,Memory,250,180,180,1
9208b64b-3197-42c2-ae8d-f6528747ccd5,17,Number Memory,minigame,Memory,125,94,94,1
9208b64b-3197-42c2-ae8d-f6528747ccd5,18,Stop The Clock,minigame,Reflex,800,661,661,1
9208b64b-3197-42c2-ae8d-f6528747ccd5,19,Odd One Out,minigame,Reasoning,175,88,88,1
9208b64b-3197-42c2-ae8d-f6528747ccd5,30,Level 1,level,Reflex;Attention,95,66,66,1
92cd5243-d6ad-464c-9a4f-b3998fa12823,0,Cipher Rush,minigame,Attention;Reflex,250,209,209,1
92cd5243-d6ad-464c-9a4f-b3998fa12823,1,Match-a-Mole,minigame,Reflex;Attention,300,260,260,1
92cd5243-d6ad-464c-9a4f-b3998fa12823,2,"Good Guy, Bad Guy",minigame,Memory,200,114,99,4
92cd5243-d6ad-464c-9a4f-b3998fa12823,3,Feed The Fishes,minigame,Memory;Attention,90,75,66,2
92cd5243-d6ad-464c-9a4f-b3998fa12823,6,Wordify,minigame,Learning,70,69,69,1
92cd5243-d6ad-464c-9a4f-b3998fa12823,9,Precision Product,minigame,Reflex;Learning,225,143,128,3
92cd5243-d6ad-464c-9a4f-b3998fa12823,10,Sequence Grid,minigame,Memory,100,75,75,1
92cd5243-d6ad-464c-9a4f-b3998fa12823,14,Word Bubble,minigame,Learning,200,196,196,1
92cd5243-d6ad-464c-9a4f-b3998fa12823,15,Sequence Match,minigame,Memory,80,44,44,1
92cd5243-d6ad-464c-9a4f-b3998fa12823,16,Verbal Memory,minigame,Memory,250,199,199,1
92cd5243-d6ad-464c-9a4f-b3998fa12823,17,Number Memory,minigame,Memory,125,122,122,1
92cd5243-d6ad-464c-9a4f-b3998fa12823,19,Odd One Out,minigame,Reasoning,175,128,128,1
92cd5243-d6ad-464c-9a4f-b3998fa12823,30,Level 1,level,Reflex;Attention,95,74,62,2
92ec5e80-9c5e-4c54-8741-2155600d414b,0,Cipher Rush,minigame,Attention;Reflex,250,111,111,1
92ec5e80-9c5e-4c54-8741-2155600d414b,1,Match-a-Mole,minigame,Reflex;Attention,300,116,72,7
92ec5e80-9c5e-4c54-8741-2155600d414b,2,"Good Guy, Bad Guy",minigame,Memory,200,116,116,1
92ec5e80-9c5e-4c54-8741-2155600d414b,3,Feed The Fishes,minigame,Memory;Attention,90,56,56,1
92ec5e80-9c5e-4c54-8741-2155600d414b,4,Train of Thoughts,minigame,Reflex;Reasoning,200,105,105,1
92ec5e80-9c5e-4c54-8741-2155600d414b,5,Match The Notes,minigame,Memory;Perception,200,125,125,1
92ec5e80-9c5e-4c54-8741-2155600d414b,6,Wordify,minigame,Learning,70,31,22,4
92ec5e80-9c5e-4c54-8741-2155600d414b,7,Find Me If You Can,minigame,Perception,275,183,99,2
92ec5e80-9c5e-4c54-8741-2155600d414b,9,Precision Product,minigame,Reflex;Learning,225,154,154,1
92ec5e80-9c5e-4c54-8741-2155600d414b,10,Sequence Grid,minigame,Memory,100,59,59,1
92ec5e80-9c5e-4c54-8741-2155600d414b,11,Perception Match,minigame,Perception;Memory,250,134,99,5
92ec5e80-9c5e-4c54-8741-2155600d414b,12,"Faster, Please",minigame,Reflex,200,89,52,3
92ec5e80-9c5e-4c54-8741-2155600d414b,13,Wordle,minigame,Learning;Reasoning,170,66,47,3
92ec5e80-9c5e-4c54-8741-2155600d414b,14,Word Bubble,minigame,Learning,200,57,57,1
92ec5e80-9c5e-4c54-8741-2155600d414b,15,Sequence Match,minigame,Memory,80,49,49,1
92ec5e80-9c5e-4c54-8741-2155600d414b,16,Verbal Memory,minigame,Memory,250,127,127,1
92ec5e80-9c5e-4c54-8741-2155600d414b,17,Number Memory,minigame,Memory,125,81,69,2
92ec5e80-9c5e-4c54-8741-2155600d414b,19,Odd One Out,minigame,Reasoning,175,98,98,1
92ec5e80-9c5e-4c54-8741-2155600d414b,30,Level 1,level,Reflex;Attention,95,40,28,2
92ec5e80-9c5e-4c54-8741-2155600d414b,31,Level 2,level,Memory;Attention,100,38,38,1
92ec5e80-9c5e-4c54-8741-2155600d414b,32,Level 3,level,Memory;Perception,85,43,21,2
92ec5e80-9c5e-4c54-8741-2155600d414b,33,Level 4,level,Reasoning;Reflex,120,6,6,1
92ec5e80-9c5e-4c54-8741-2155600d414b,34,Level 5,level,Reasoning,190,36,12,2
9751f248-ddc4-463f-bc1b-bec70fac7665,0,Cipher Rush,minigame,Attention;Reflex,250,76,68,5
9751f248-ddc4-463f-bc1b-bec70fac7665,5,Match The Notes,minigame,Memory;Perception,200,47,47,1
9751f248-ddc4-463f-bc1b-bec70fac7665,7,Find Me If You Can,minigame,Perception,275,162,162,1
9751f248-ddc4-463f-bc1b-bec70fac7665,9,Precision Product,minigame,Reflex;Learning,225,54,54,1
9751f248-ddc4-463f-bc1b-bec70fac7665,11,Perception Match,minigame,Perception;Memory,250,108,87,2
9751f248-ddc4-463f-bc1b-bec70fac7665,14,Word Bubble,minigame,Learning,200,106,106,1
9751f248-ddc4-463f-bc1b-bec70fac7665,16,Verbal Memory,minigame,Memory,250,110,89,2
9751f248-ddc4-463f-bc1b-bec70fac7665,17,Number Memory,minigame,Memory,125,47,47,1
9751f248-ddc4-463f-bc1b-bec70fac7665,32,Level 3,level,Memory;Perception,85,58,58,1
a1d7a229-5477-4381-9e7d-b9b6fe1602af,0,Cipher Rush,minigame,Attention;Reflex,250,125,110,3
a1d7a229-5477-4381-9e7d-b9b6fe1602af,1,Match-a-Mole,minigame,Reflex;Attention,300,240,232,3
a1d7a229-5477-4381-9e7d-b9b6fe1602af,2,"Good Guy, Bad Guy",minigame,Memory,200,200,195,3
a1d7a229-5477-4381-9e7d-b9b6fe1602af,3,Feed The Fishes,minigame,Memory;Attention,90,75,75,2
a1d7a229-5477-4381-9e7d-b9b6fe1602af,4,Train of Thoughts,minigame,Reflex;Reasoning,200,185,178,2
a1d7a229-5477-4381-9e7d-b9b6fe1602af,5,Match The Notes,minigame,Memory;Perception,200,100,58,2
a1d7a229-5477-4381-9e7d-b9b6fe1602af,6,Wordify,minigame,Learning,70,30,30,1
a1d7a229-5477-4381-9e7d-b9b6fe1602af,7,Find Me If You Can,minigame,Perception,275,230,193,3
a1d7a229-5477-4381-9e7d-b9b6fe1602af,8,Word Reveal,minigame,Attention;Memory,170,145,122,2
a1d7a229-5477-4381-9e7d-b9b6fe1602af,10,Sequence Grid,minigame,Memory,100,60,55,2
a1d7a229-5477-4381-9e7d-b9b6fe1602af,11,Perception Match,minigame,Perception;Memory,250,265,210,2
a1d7a229-5477-4381-9e7d-b9b6fe1602af,13,Wordle,minigame,Learning;Reasoning,170,110,103,3
a1d7a229-5477-4381-9e7d-b9b6fe1602af,14,Word Bubble,minigame,Learning,200,163,155,3
a1d7a229-5477-4381-9e7d-b9b6fe1602af,17,Number Memory,minigame,Memory,125,100,90,2
a1d7a229-5477-4381-9e7d-b9b6fe1602af,18,Stop The Clock,minigame,Reflex,800,679,660,2
a1d7a229-5477-4381-9e7d-b9b6fe1602af,19,Odd One Out,minigame,Reasoning,175,120,118,2
a1d7a229-5477-4381-9e7d-b9b6fe1602af,30,Level 1,level,Reflex;Attention,95,93,141,11
a5046361-afc3-490f-be67-9b54ec7a6b99,0,Cipher Rush,minigame,Attention;Reflex,250,239,239,1
a5046361-afc3-490f-be67-9b54ec7a6b99,1,Match-a-Mole,minigame,Reflex;Attention,300,223,125,3
a5046361-afc3-490f-be67-9b54ec7a6b99,3,Feed The Fishes,minigame,Memory;Attention,90,86,69,2
a5046361-afc3-490f-be67-9b54ec7a6b99,4,Train of Thoughts,minigame,Reflex;Reasoning,200,87,87,1
a5046361-afc3-490f-be67-9b54ec7a6b99,9,Precision Product,minigame,Reflex;Learning,225,152,152,1
a5046361-afc3-490f-be67-9b54ec7a6b99,11,Perception Match,minigame,Perception;Memory,250,210,210,1
a5046361-afc3-490f-be67-9b54ec7a6b99,13,Wordle,minigame,Learning;Reasoning,170,123,123,1
a5046361-afc3-490f-be67-9b54ec7a6b99,16,Verbal Memory,minigame,Memory,250,173,173,1
a5046361-afc3-490f-be67-9b54ec7a6b99,32,Level 3,level,Memory;Perception,85,41,23,3
a79dbedd-6dee-4fda-91fd-62e9a056bd0a,6,Wordify,minigame,Learning,70,10,10,1
ae65995e-b222-4863-bc7e-d0913779581f,0,Cipher Rush,minigame,Attention;Reflex,250,120,-21,7
ae65995e-b222-4863-bc7e-d0913779581f,1,Match-a-Mole,minigame,Reflex;Attention,300,250,168,4
ae65995e-b222-4863-bc7e-d0913779581f,2,"Good Guy, Bad Guy",minigame,Memory,200,65,18,5
ae65995e-b222-4863-bc7e-d0913779581f,3,Feed The Fishes,minigame,Memory;Attention,90,30,6,5
ae65995e-b222-4863-bc7e-d0913779581f,4,Train of Thoughts,minigame,Reflex;Reasoning,200,125,39,7
ae65995e-b222-4863-bc7e-d0913779581f,5,Match The Notes,minigame,Memory;Perception,200,40,13,3
ae65995e-b222-4863-bc7e-d0913779581f,6,Wordify,minigame,Learning,70,40,16,4
ae65995e-b222-4863-bc7e-d0913779581f,7,Find Me If You Can,minigame,Perception,275,35,4,9
ae65995e-b222-4863-bc7e-d0913779581f,8,Word Reveal,minigame,Attention;Memory,170,126,-6,12
ae65995e-b222-4863-bc7e-d0913779581f,10,Sequence Grid,minigame,Memory,100,30,6,13
ae65995e-b222-4863-bc7e-d0913779581f,13,Wordle,minigame,Learning;Reasoning,170,90,46,7
ae65995e-b222-4863-bc7e-d0913779581f,14,Word Bubble,minigame,Learning,200,36,18,2
ae65995e-b222-4863-bc7e-d0913779581f,30,Level 1,level,Reflex;Attention,95,0,81,20
ae65995e-b222-4863-bc7e-d0913779581f,31,Level 2,level,Memory;Attention,100,126,126,1
ae65995e-b222-4863-bc7e-d0913779581f,32,Level 3,level,Memory;Perception,85,101,101,1
b27adbcf-bf13-48df-a57b-2547bee94d56,0,Cipher Rush,minigame,Attention;Reflex,250,119,119,1
b27adbcf-bf13-48df-a57b-2547bee94d56,3,Feed The Fishes,minigame,Memory;Attention,90,57,57,1
b27adbcf-bf13-48df-a57b-2547bee94d56,8,Word Reveal,minigame,Attention;Memory,170,95,95,1
b27adbcf-bf13-48df-a57b-2547bee94d56,11,Perception Match,minigame,Perception;Memory,250,228,228,1
b27adbcf-bf13-48df-a57b-2547bee94d56,12,"Faster, Please",minigame,Reflex,200,191,191,1
b27adbcf-bf13-48df-a57b-2547bee94d56,14,Word Bubble,minigame,Learning,200,153,153,1
b27adbcf-bf13-48df-a57b-2547bee94d56,31,Level 2,level,Memory;Attention,100,61,61,1
b27adbcf-bf13-48df-a57b-2547bee94d56,32,Level 3,level,Memory;Perception,85,83,83,1
c01d56ea-699a-4bae-be6e-a16bb4de85df,0,Cipher Rush,minigame,Attention;Reflex,250,97,97,1
c01d56ea-699a-4bae-be6e-a16bb4de85df,1,Match-a-Mole,minigame,Reflex;Attention,300,109,-7,2
c01d56ea-699a-4bae-be6e-a16bb4de85df,3,Feed The Fishes,minigame,Memory;Attention,90,23,-6,5
c01d56ea-699a-4bae-be6e-a16bb4de85df,5,Match The Notes,minigame,Memory;Perception,200,57,29,2
c01d56ea-699a-4bae-be6e-a16bb4de85df,7,Find Me If You Can,minigame,Perception,275,149,103,2
c01d56ea-699a-4bae-be6e-a16bb4de85df,8,Word Reveal,minigame,Attention;Memory,170,14,14,1
c01d56ea-699a-4bae-be6e-a16bb4de85df,9,Precision Product,minigame,Reflex;Learning,225,84,-2,5
c01d56ea-699a-4bae-be6e-a16bb4de85df,10,Sequence Grid,minigame,Memory,100,55,19,3
c01d56ea-699a-4bae-be6e-a16bb4de85df,11,Perception Match,minigame,Perception;Memory,250,79,79,1
c01d56ea-699a-4bae-be6e-a16bb4de85df,12,"Faster, Please",minigame,Reflex,200,110,31,10
c01d56ea-699a-4bae-be6e-a16bb4de85df,15,Sequence Match,minigame,Memory,80,36,2,12
c01d56ea-699a-4bae-be6e-a16bb4de85df,16,Verbal Memory,minigame,Memory,250,73,73,1
c01d56ea-699a-4bae-be6e-a16bb4de85df,18,Stop The Clock,minigame,Reflex,800,534,534,1
c01d56ea-699a-4bae-be6e-a16bb4de85df,31,Level 2,level,Memory;Attention,100,25,-5,2
c01d56ea-699a-4bae-be6e-a16bb4de85df,32,Level 3,level,Memory;Perception,85,45,33,6
c01d56ea-699a-4bae-be6e-a16bb4de85df,34,Level 5,level,Reasoning,190,148,148,1
d034b895-4aaa-46b2-b96f-03c231f6cbe3,0,Cipher Rush,minigame,Attention;Reflex,250,158,158,1
d034b895-4aaa-46b2-b96f-03c231f6cbe3,1,Match-a-Mole,minigame,Reflex;Attention,300,96,-12,5
d034b895-4aaa-46b2-b96f-03c231f6cbe3,4,Train of Thoughts,minigame,Reflex;Reasoning,200,152,152,1
d034b895-4aaa-46b2-b96f-03c231f6cbe3,5,Match The Notes,minigame,Memory;Perception,200,92,92,1
d034b895-4aaa-46b2-b96f-03c231f6cbe3,8,Word Reveal,minigame,Attention;Memory,170,118,49,2
d034b895-4aaa-46b2-b96f-03c231f6cbe3,9,Precision Product,minigame,Reflex;Learning,225,112,22,2
d034b895-4aaa-46b2-b96f-03c231f6cbe3,10,Sequence Grid,minigame,Memory,100,52,52,1
d034b895-4aaa-46b2-b96f-03c231f6cbe3,11,Perception Match,minigame,Perception;Memory,250,118,118,1
d034b895-4aaa-46b2-b96f-03c231f6cbe3,12,"Faster, Please",minigame,Reflex,200,115,115,1
d034b895-4aaa-46b2-b96f-03c231f6cbe3,13,Wordle,minigame,Learning;Reasoning,170,107,107,1
d034b895-4aaa-46b2-b96f-03c231f6cbe3,14,Word Bubble,minigame,Learning,200,105,105,1
d034b895-4aaa-46b2-b96f-03c231f6cbe3,16,Verbal Memory,minigame,Memory,250,98,98,1
d034b895-4aaa-46b2-b96f-03c231f6cbe3,17,Number Memory,minigame,Memory,125,48,16,6
d034b895-4aaa-46b2-b96f-03c231f6cbe3,19,Odd One Out,minigame,Reasoning,175,89,89,1
d034b895-4aaa-46b2-b96f-03c231f6cbe3,30,Level 1,level,Reflex;Attention,95,44,44,1
d034b895-4aaa-46b2-b96f-03c231f6cbe3,31,Level 2,level,Memory;Attention,100,41,41,1
d034b895-4aaa-46b2-b96f-03c231f6cbe3,33,Level 4,level,Reasoning;Reflex,120,80,32,2
d40e559d-a0ee-4067-83a7-bb136d129332,1,Match-a-Mole,minigame,Reflex;Attention,300,177,154,4
d40e559d-a0ee-4067-83a7-bb136d129332,4,Train of Thoughts,minigame,Reflex;Reasoning,200,62,62,1
d40e559d-a0ee-4067-83a7-bb136d129332,5,Match The Notes,minigame,Memory;Perception,200,79,63,2
d40e559d-a0ee-4067-83a7-bb136d129332,9,Precision Product,minigame,Reflex;Learning,225,108,88,4
d40e559d-a0ee-4067-83a7-bb136d129332,11,Perception Match,minigame,Perception;Memory,250,142,142,1
d40e559d-a0ee-4067-83a7-bb136d129332,13,Wordle,minigame,Learning;Reasoning,170,46,33,5
d40e559d-a0ee-4067-83a7-bb136d129332,17,Number Memory,minigame,Memory,125,19,19,1
d40e559d-a0ee-4067-83a7-bb136d129332,18,Stop The Clock,minigame,Reflex,800,240,176,4
d40e559d-a0ee-4067-83a7-bb136d129332,19,Odd One Out,minigame,Reasoning,175,37,37,1
d40e559d-a0ee-4067-83a7-bb136d129332,33,Level 4,level,Reasoning;Reflex,120,23,23,1
d40e559d-a0ee-4067-83a7-bb136d129332,34,Level 5,level,Reasoning,190,102,102,1
d8ce16a0-7f3b-484a-8da7-4f6b029e5030 (1),6,Wordify,minigame,Learning,70,0,0,1
d8ce16a0-7f3b-484a-8da7-4f6b029e5030 (1),8,Word Reveal,minigame,Attention;Memory,170,113,113,1
d8ce16a0-7f3b-484a-8da7-4f6b029e5030 (1),13,Wordle,minigame,Learning;Reasoning,170,35,35,1
d8ce16a0-7f3b-484a-8da7-4f6b029e5030 (1),30,Level 1,level,Reflex;Attention,95,108,108,1
dc3fe96e-9d8e-4e5d-af4a-a2fe853bdeaa,0,Cipher Rush,minigame,Attention;Reflex,250,245,245,1
dc3fe96e-9d8e-4e5d-af4a-a2fe853bdeaa,1,Match-a-Mole,minigame,Reflex;Attention,300,209,209,1
dc3fe96e-9d8e-4e5d-af4a-a2fe853bdeaa,2,"Good Guy, Bad Guy",minigame,Memory,200,190,190,1
dc3fe96e-9d8e-4e5d-af4a-a2fe853bdeaa,3,Feed The Fishes,minigame,Memory;Attention,90,80,72,6
dc3fe96e-9d8e-4e5d-af4a-a2fe853bdeaa,4,Train of Thoughts,minigame,Reflex;Reasoning,200,196,196,1
dc3fe96e-9d8e-4e5d-af4a-a2fe853bdeaa,7,Find Me If You Can,minigame,Perception,275,257,257,1
dc3fe96e-9d8e-4e5d-af4a-a2fe853bdeaa,8,Word Reveal,minigame,Attention;Memory,170,121,73,2
dc3fe96e-9d8e-4e5d-af4a-a2fe853bdeaa,9,Precision Product,minigame,Reflex;Learning,225,209,209,1
dc3fe96e-9d8e-4e5d-af4a-a2fe853bdeaa,10,Sequence Grid,minigame,Memory,100,82,82,1
dc3fe96e-9d8e-4e5d-af4a-a2fe853bdeaa,11,Perception Match,minigame,Perception;Memory,250,209,209,1
dc3fe96e-9d8e-4e5d-af4a-a2fe853bdeaa,12,"Faster, Please",minigame,Reflex,200,149,149,1
dc3fe96e-9d8e-4e5d-af4a-a2fe853bdeaa,13,Wordle,minigame,Learning;Reasoning,170,167,152,2
dc3fe96e-9d8e-4e5d-af4a-a2fe853bdeaa,14,Word Bubble,minigame,Learning,200,110,110,1
dc3fe96e-9d8e-4e5d-af4a-a2fe853bdeaa,15,Sequence Match,minigame,Memory,80,78,78,1
dc3fe96e-9d8e-4e5d-af4a-a2fe853bdeaa,17,Number Memory,minigame,Memory,125,69,35,3
dc3fe96e-9d8e-4e5d-af4a-a2fe853bdeaa,30,Level 1,level,Reflex;Attention,95,93,93,1
dc3fe96e-9d8e-4e5d-af4a-a2fe853bdeaa,32,Level 3,level,Memory;Perception,85,71,45,4
dc3fe96e-9d8e-4e5d-af4a-a2fe853bdeaa,33,Level 4,level,Reasoning;Reflex,120,118,118,1
e56e9216-48a9-4020-8ed7-987898124413,1,Match-a-Mole,minigame,Reflex;Attention,300,119,107,4
e56e9216-48a9-4020-8ed7-987898124413,2,"Good Guy, Bad Guy",minigame,Memory,200,137,137,1
e56e9216-48a9-4020-8ed7-987898124413,5,Match The Notes,minigame,Memory;Perception,200,114,114,1
e56e9216-48a9-4020-8ed7-987898124413,6,Wordify,minigame,Learning,70,34,34,1
e56e9216-48a9-4020-8ed7-987898124413,7,Find Me If You Can,minigame,Perception,275,90,76,2
e56e9216-48a9-4020-8ed7-987898124413,8,Word Reveal,minigame,Attention;Memory,170,83,83,1
e56e9216-48a9-4020-8ed7-987898124413,9,Precision Product,minigame,Reflex;Learning,225,60,36,2
e56e9216-48a9-4020-8ed7-987898124413,10,Sequence Grid,minigame,Memory,100,5,-2,2
e56e9216-48a9-4020-8ed7-987898124413,11,Perception Match,minigame,Perception;Memory,250,111,94,2
e56e9216-48a9-4020-8ed7-987898124413,12,"Faster, Please",minigame,Reflex,200,63,63,1
e56e9216-48a9-4020-8ed7-987898124413,14,Word Bubble,minigame,Learning,200,56,39,2
e56e9216-48a9-4020-8ed7-987898124413,15,Sequence Match,minigame,Memory,80,30,22,2
e56e9216-48a9-4020-8ed7-987898124413,16,Verbal Memory,minigame,Memory,250,68,68,1
e56e9216-48a9-4020-8ed7-987898124413,30,Level 1,level,Reflex;Attention,95,45,42,2
e56e9216-48a9-4020-8ed7-987898124413,31,Level 2,level,Memory;Attention,100,71,71,1
e56e9216-48a9-4020-8ed7-987898124413,32,Level 3,level,Memory;Perception,85,25,25,1
e56e9216-48a9-4020-8ed7-987898124413,33,Level 4,level,Reasoning;Reflex,120,46,32,3
e56e9216-48a9-4020-8ed7-987898124413,34,Level 5,level,Reasoning,190,113,113,1
ea6145ec-40c0-493d-b34b-4fb0ed7b74eb,2,"Good Guy, Bad Guy",minigame,Memory,200,196,91,2
ea6145ec-40c0-493d-b34b-4fb0ed7b74eb,7,Find Me If You Can,minigame,Perception,275,259,170,2
ea6145ec-40c0-493d-b34b-4fb0ed7b74eb,8,Word Reveal,minigame,Attention;Memory,170,123,123,1
ea6145ec-40c0-493d-b34b-4fb0ed7b74eb,10,Sequence Grid,minigame,Memory,100,70,18,2
ea6145ec-40c0-493d-b34b-4fb0ed7b74eb,11,Perception Match,minigame,Perception;Memory,250,241,241,1
ea6145ec-40c0-493d-b34b-4fb0ed7b74eb,12,"Faster, Please",minigame,Reflex,200,162,162,1
ea6145ec-40c0-493d-b34b-4fb0ed7b74eb,15,Sequence Match,minigame,Memory,80,59,42,2
ea6145ec-40c0-493d-b34b-4fb0ed7b74eb,16,Verbal Memory,minigame,Memory,250,222,122,4
ea6145ec-40c0-493d-b34b-4fb0ed7b74eb,17,Number Memory,minigame,Memory,125,122,122,1
ea6145ec-40c0-493d-b34b-4fb0ed7b74eb,18,Stop The Clock,minigame,Reflex,800,707,707,1
ea6145ec-40c0-493d-b34b-4fb0ed7b74eb,19,Odd One Out,minigame,Reasoning,175,162,71,2
ea6145ec-40c0-493d-b34b-4fb0ed7b74eb,30,Level 1,level,Reflex;Attention,95,90,90,1
ea6145ec-40c0-493d-b34b-4fb0ed7b74eb,31,Level 2,level,Memory;Attention,100,80,80,1
ea6145ec-40c0-493d-b34b-4fb0ed7b74eb,32,Level 3,level,Memory;Perception,85,83,56,2
ea6145ec-40c0-493d-b34b-4fb0ed7b74eb,34,Level 5,level,Reasoning,190,186,186,1
eb54cc3c-ba5c-4648-8bcd-3d6bf6e4c347,2,"Good Guy, Bad Guy",minigame,Memory,200,138,57,2
eb54cc3c-ba5c-4648-8bcd-3d6bf6e4c347,3,Feed The Fishes,minigame,Memory;Attention,90,88,69,2
eb54cc3c-ba5c-4648-8bcd-3d6bf6e4c347,5,Match The Notes,minigame,Memory;Perception,200,188,188,1
eb54cc3c-ba5c-4648-8bcd-3d6bf6e4c347,7,Find Me If You Can,minigame,Perception,275,196,56,2
eb54cc3c-ba5c-4648-8bcd-3d6bf6e4c347,8,Word Reveal,minigame,Attention;Memory,170,125,125,1
eb54cc3c-ba5c-4648-8bcd-3d6bf6e4c347,9,Precision Product,minigame,Reflex;Learning,225,172,172,1
eb54cc3c-ba5c-4648-8bcd-3d6bf6e4c347,10,Sequence Grid,minigame,Memory,100,82,54,4
eb54cc3c-ba5c-4648-8bcd-3d6bf6e4c347,11,Perception Match,minigame,Perception;Memory,250,245,245,1
eb54cc3c-ba5c-4648-8bcd-3d6bf6e4c347,12,"Faster, Please",minigame,Reflex,200,174,174,1
eb54cc3c-ba5c-4648-8bcd-3d6bf6e4c347,14,Word Bubble,minigame,Learning,200,129,129,1
eb54cc3c-ba5c-4648-8bcd-3d6bf6e4c347,15,Sequence Match,minigame,Memory,80,50,50,1
eb54cc3c-ba5c-4648-8bcd-3d6bf6e4c347,17,Number Memory,minigame,Memory,125,86,46,4
eb54cc3c-ba5c-4648-8bcd-3d6bf6e4c347,30,Level 1,level,Reflex;Attention,95,86,86,1
eb54cc3c-ba5c-4648-8bcd-3d6bf6e4c347,34,Level 5,level,Reasoning,190,138,138,1
ec543544-abb4-4c98-843c-6f85a18609bb (1),0,Cipher Rush,minigame,Attention;Reflex,250,175,175,1
ec543544-abb4-4c98-843c-6f85a18609bb (1),1,Match-a-Mole,minigame,Reflex;Attention,300,290,290,1
ec543544-abb4-4c98-843c-6f85a18609bb (1),2,"Good Guy, Bad Guy",minigame,Memory,200,110,110,1
ec543544-abb4-4c98-843c-6f85a18609bb (1),3,Feed The Fishes,minigame,Memory;Attention,90,103,80,3
ec543544-abb4-4c98-843c-6f85a18609bb (1),4,Train of Thoughts,minigame,Reflex;Reasoning,200,155,155,1
ec543544-abb4-4c98-843c-6f85a18609bb (1),5,Match The Notes,minigame,Memory;Perception,200,70,70,1
ec543544-abb4-4c98-843c-6f85a18609bb (1),6,Wordify,minigame,Learning,70,50,50,1
ec543544-abb4-4c98-843c-6f85a18609bb (1),7,Find Me If You Can,minigame,Perception,275,260,260,1
ec543544-abb4-4c98-843c-6f85a18609bb (1),9,Precision Product,minigame,Reflex;Learning,225,145,145,1
ec543544-abb4-4c98-843c-6f85a18609bb (1),10,Sequence Grid,minigame,Memory,100,50,35,2
ec543544-abb4-4c98-843c-6f85a18609bb (1),11,Perception Match,minigame,Perception;Memory,250,135,105,3
ec543544-abb4-4c98-843c-6f85a18609bb (1),13,Wordle,minigame,Learning;Reasoning,170,90,90,1
ec543544-abb4-4c98-843c-6f85a18609bb (1),15,Sequence Match,minigame,Memory,80,25,25,1
ec543544-abb4-4c98-843c-6f85a18609bb (1),16,Verbal Memory,minigame,Memory,250,330,330,1
ec543544-abb4-4c98-843c-6f85a18609bb (1),17,Number Memory,minigame,Memory,125,85,85,1
ec543544-abb4-4c98-843c-6f85a18609bb (1),18,Stop The Clock,minigame,Reflex,800,687,687,1
ec543544-abb4-4c98-843c-6f85a18609bb (1),19,Odd One Out,minigame,Reasoning,175,150,145,2
ec543544-abb4-4c98-843c-6f85a18609bb (1),30,Level 1,level,Reflex;Attention,95,109,109,1
ec543544-abb4-4c98-843c-6f85a18609bb (1),31,Level 2,level,Memory;Attention,100,97,113,2
ec543544-abb4-4c98-843c-6f85a18609bb (1),32,Level 3,level,Memory;Perception,85,109,109,1
f1776c59-1b1b-4c6b-a90c-083ea5f15543,0,Cipher Rush,minigame,Attention;Reflex,250,101,101,1
f1776c59-1b1b-4c6b-a90c-083ea5f15543,1,Match-a-Mole,minigame,Reflex;Attention,300,176,32,2
f1776c59-1b1b-4c6b-a90c-083ea5f15543,2,"Good Guy, Bad Guy",minigame,Memory,200,54,-43,4
f1776c59-1b1b-4c6b-a90c-083ea5f15543,6,Wordify,minigame,Learning,70,30,30,1
f1776c59-1b1b-4c6b-a90c-083ea5f15543,13,Wordle,minigame,Learning;Reasoning,170,62,21,2
f1776c59-1b1b-4c6b-a90c-083ea5f15543,17,Number Memory,minigame,Memory,125,61,61,1
f1776c59-1b1b-4c6b-a90c-083ea5f15543,18,Stop The Clock,minigame,Reflex,800,255,255,1
f1776c59-1b1b-4c6b-a90c-083ea5f15543,31,Level 2,level,Memory;Attention,100,48,48,1
f1776c59-1b1b-4c6b-a90c-083ea5f15543,33,Level 4,level,Reasoning;Reflex,120,75,75,1
f1776c59-1b1b-4c6b-a90c-083ea5f15543,34,Level 5,level,Reasoning,190,118,118,1
f64c9b14-26b8-4bd2-a61e-e0bf471a60d1,0,Cipher Rush,minigame,Attention;Reflex,250,12,-102,2
f64c9b14-26b8-4bd2-a61e-e0bf471a60d1,1,Match-a-Mole,minigame,Reflex;Attention,300,212,212,1
f64c9b14-26b8-4bd2-a61e-e0bf471a60d1,2,"Good Guy, Bad Guy",minigame,Memory,200,158,158,1
f64c9b14-26b8-4bd2-a61e-e0bf471a60d1,3,Feed The Fishes,minigame,Memory;Attention,90,21,21,1
f64c9b14-26b8-4bd2-a61e-e0bf471a60d1,4,Train of Thoughts,minigame,Reflex;Reasoning,200,111,111,1
f64c9b14-26b8-4bd2-a61e-e0bf471a60d1,5,Match The Notes,minigame,Memory;Perception,200,71,71,1
f64c9b14-26b8-4bd2-a61e-e0bf471a60d1,6,Wordify,minigame,Learning,70,23,23,1
f64c9b14-26b8-4bd2-a61e-e0bf471a60d1,7,Find Me If You Can,minigame,Perception,275,76,76,1
f64c9b14-26b8-4bd2-a61e-e0bf471a60d1,8,Word Reveal,minigame,Attention;Memory,170,41,41,1
f64c9b14-26b8-4bd2-a61e-e0bf471a60d1,9,Precision Product,minigame,Reflex;Learning,225,46,46,1
f64c9b14-26b8-4bd2-a61e-e0bf471a60d1,10,Sequence Grid,minigame,Memory,100,52,46,2
f64c9b14-26b8-4bd2-a61e-e0bf471a60d1,11,Perception Match,minigame,Perception;Memory,250,30,21,2
f64c9b14-26b8-4bd2-a61e-e0bf471a60d1,12,"Faster, Please",minigame,Reflex,200,118,106,3
f64c9b14-26b8-4bd2-a61e-e0bf471a60d1,14,Word Bubble,minigame,Learning,200,35,25,5
f64c9b14-26b8-4bd2-a61e-e0bf471a60d1,15,Sequence Match,minigame,Memory,80,41,41,1
f64c9b14-26b8-4bd2-a61e-e0bf471a60d1,16,Verbal Memory,minigame,Memory,250,94,94,1
f64c9b14-26b8-4bd2-a61e-e0bf471a60d1,17,Number Memory,minigame,Memory,125,64,64,1
f64c9b14-26b8-4bd2-a61e-e0bf471a60d1,18,Stop The Clock,minigame,Reflex,800,268,268,1
f64c9b14-26b8-4bd2-a61e-e0bf471a60d1,19,Odd One Out,minigame,Reasoning,175,29,-35,10
f64c9b14-26b8-4bd2-a61e-e0bf471a60d1,30,Level 1,level,Reflex;Attention,95,14,8,7
f64c9b14-26b8-4bd2-a61e-e0bf471a60d1,31,Level 2,level,Memory;Attention,100,49,21,2
f64c9b14-26b8-4bd2-a61e-e0bf471a60d1,32,Level 3,level,Memory;Perception,85,25,23,6
f64c9b14-26b8-4bd2-a61e-e0bf471a60d1,33,Level 4,level,Reasoning;Reflex,120,38,30,2
f64c9b14-26b8-4bd2-a61e-e0bf471a60d1,34,Level 5,level,Reasoning,190,40,40,1
fa776660-2173-478a-bb92-092cc91c4203,0,Cipher Rush,minigame,Attention;Reflex,250,239,239,1
fa776660-2173-478a-bb92-092cc91c4203,1,Match-a-Mole,minigame,Reflex;Attention,300,285,285,1
fa776660-2173-478a-bb92-092cc91c4203,2,"Good Guy, Bad Guy",minigame,Memory,200,145,145,1
fa776660-2173-478a-bb92-092cc91c4203,4,Train of Thoughts,minigame,Reflex;Reasoning,200,196,186,3
fa776660-2173-478a-bb92-092cc91c4203,5,Match The Notes,minigame,Memory;Perception,200,148,137,2
fa776660-2173-478a-bb92-092cc91c4203,7,Find Me If You Can,minigame,Perception,275,260,247,6
fa776660-2173-478a-bb92-092cc91c4203,8,Word Reveal,minigame,Attention;Memory,170,134,134,1
fa776660-2173-478a-bb92-092cc91c4203,9,Precision Product,minigame,Reflex;Learning,225,198,198,1
fa776660-2173-478a-bb92-092cc91c4203,10,Sequence Grid,minigame,Memory,100,96,89,5
fa776660-2173-478a-bb92-092cc91c4203,11,Perception Match,minigame,Perception;Memory,250,198,198,1
fa776660-2173-478a-bb92-092cc91c4203,16,Verbal Memory,minigame,Memory,250,222,210,7
fa776660-2173-478a-bb92-092cc91c4203,17,Number Memory,minigame,Memory,125,114,114,1
fa776660-2173-478a-bb92-092cc91c4203,18,Stop The Clock,minigame,Reflex,800,744,744,1
fa776660-2173-478a-bb92-092cc91c4203,19,Odd One Out,minigame,Reasoning,175,172,172,1
fa776660-2173-478a-bb92-092cc91c4203,33,Level 4,level,Reasoning;Reflex,120,118,107,2
fa776660-2173-478a-bb92-092cc91c4203,34,Level 5,level,Reasoning,190,186,186,1
fb55f0e1-ed67-4390-b287-5a5879b13b7c,0,Cipher Rush,minigame,Attention;Reflex,250,115,115,1
fb55f0e1-ed67-4390-b287-5a5879b13b7c,1,Match-a-Mole,minigame,Reflex;Attention,300,263,263,1
fb55f0e1-ed67-4390-b287-5a5879b13b7c,2,"Good Guy, Bad Guy",minigame,Memory,200,146,146,1
fb55f0e1-ed67-4390-b287-5a5879b13b7c,3,Feed The Fishes,minigame,Memory;Attention,90,47,47,1
fb55f0e1-ed67-4390-b287-5a5879b13b7c,4,Train of Thoughts,minigame,Reflex;Reasoning,200,104,104,1
fb55f0e1-ed67-4390-b287-5a5879b13b7c,5,Match The Notes,minigame,Memory;Perception,200,192,144,12
fb55f0e1-ed67-4390-b287-5a5879b13b7c,6,Wordify,minigame,Learning,70,58,30,5
fb55f0e1-ed67-4390-b287-5a5879b13b7c,7,Find Me If You Can,minigame,Perception,275,209,154,3
fb55f0e1-ed67-4390-b287-5a5879b13b7c,8,Word Reveal,minigame,Attention;Memory,170,152,152,1
fb55f0e1-ed67-4390-b287-5a5879b13b7c,9,Precision Product,minigame,Reflex;Learning,225,78,78,1
fb55f0e1-ed67-4390-b287-5a5879b13b7c,10,Sequence Grid,minigame,Memory,100,56,56,1
fb55f0e1-ed67-4390-b287-5a5879b13b7c,11,Perception Match,minigame,Perception;Memory,250,174,174,1
fb55f0e1-ed67-4390-b287-5a5879b13b7c,12,"Faster, Please",minigame,Reflex,200,147,105,2
fb55f0e1-ed67-4390-b287-5a5879b13b7c,13,Wordle,minigame,Learning;Reasoning,170,117,117,1
fb55f0e1-ed67-4390-b287-5a5879b13b7c,14,Word Bubble,minigame,Learning,200,130,82,10
fb55f0e1-ed67-4390-b287-5a5879b13b7c,15,Sequence Match,minigame,Memory,80,48,48,1
fb55f0e1-ed67-4390-b287-5a5879b13b7c,16,Verbal Memory,minigame,Memory,250,133,133,1
fb55f0e1-ed67-4390-b287-5a5879b13b7c,17,Number Memory,minigame,Memory,125,63,25,2
fb55f0e1-ed67-4390-b287-5a5879b13b7c,18,Stop The Clock,minigame,Reflex,800,680,680,1
fb55f0e1-ed67-4390-b287-5a5879b13b7c,19,Odd One Out,minigame,Reasoning,175,117,117,1
fb55f0e1-ed67-4390-b287-5a5879b13b7c,30,Level 1,level,Reflex;Attention,95,70,70,1
fb55f0e1-ed67-4390-b287-5a5879b13b7c,31,Level 2,level,Memory;Attention,100,69,69,1
fb55f0e1-ed67-4390-b287-5a5879b13b7c,32,Level 3,level,Memory;Perception,85,59,59,1
fb55f0e1-ed67-4390-b287-5a5879b13b7c,34,Level 5,level,Reasoning,190,84,84,1
